promedio,promedio_establecimiento,desviacion,nivel_superior,nivel_minimo,nivel_satisfactorio,nivel_avanzado
286.0,2.4,58.0,51.0,28.0,15.0,6.0
312.0,2.4,58.0,11.0,46.0,33.0,11.0
292.0,3.0,50.0,21.0,48.0,23.0,9.0
292.0,4.9,58.0,21.0,63.0,14.0,2.0
265.0,3.1,51.0,39.0,44.0,12.0,6.0
310.0,5.0,58.0,7.0,51.0,39.0,4.0
259.0,2.8,42.0,45.0,39.0,16.0,0.0
273.0,2.7,42.0,36.0,44.0,19.0,1.0
273.0,5.6,50.0,35.0,61.0,2.0,2.0
255.0,2.6,53.0,66.0,27.0,3.0,3.0
290.0,6.9,62.0,17.0,52.0,26.0,4.0
286.0,2.4,49.0,19.0,54.0,25.0,2.0
281.0,0.0,63.0,54.0,23.0,16.0,7.0
335.0,1.3000000000000003,62.0,9.0,30.0,32.0,29.0
351.0,3.5,55.0,0.0,26.0,61.0,13.0
334.0,3.9,60.0,6.0,54.0,33.0,7.0
315.0,0.0,76.0,15.0,41.0,27.0,18.0
317.0,1.3000000000000003,64.0,20.0,26.0,25.0,29.0
289.0,3.8,54.0,28.0,50.0,22.0,0.0
311.0,4.5,54.0,8.0,46.0,41.0,5.0
320.0,3.8,46.0,15.0,46.0,31.0,8.0
299.0,6.1,45.0,16.0,53.0,25.0,6.0
317.0,3.8,54.0,9.0,41.0,46.0,4.0
304.0,5.4,39.0,6.0,50.0,34.0,9.0
332.0,8.0,57.0,9.0,9.0,55.0,27.0
303.0,4.9,35.0,12.0,27.0,61.0,0.0
290.0,2.8,46.0,42.0,42.0,16.0,0.0
330.0,2.7,45.0,4.0,27.0,60.0,9.0
277.0,2.4,53.0,27.0,40.0,28.0,5.0
273.0,4.9,55.0,40.0,48.0,10.0,2.0
298.0,2.5,54.0,19.0,46.0,25.0,11.0
281.0,3.6,56.0,48.0,33.0,18.0,1.0
287.0,4.9,55.0,15.0,55.0,30.0,0.0
304.0,3.4,52.0,9.0,53.0,29.0,9.0
269.0,2.2,57.0,30.0,51.0,15.0,5.0
241.0,2.0,51.0,86.0,7.0,3.0,3.0
302.0,3.0,49.0,19.0,41.0,32.0,9.0
280.0,3.3,53.0,26.0,49.0,19.0,6.0
323.0,0.0,55.0,6.0,34.0,56.0,4.0
296.0,0.0,55.0,26.0,56.0,17.0,1.0
299.0,3.2,58.0,18.0,50.0,23.0,10.0
287.0,4.8,57.0,28.0,51.0,19.0,2.0
313.0,4.8,57.0,9.0,42.0,47.0,3.0
312.0,5.2,54.0,16.0,34.0,32.0,18.0
291.0,4.9,51.0,18.0,38.0,33.0,11.0
261.0,3.2,56.0,68.0,22.0,6.0,4.0
270.0,2.1,58.0,63.0,23.0,10.0,4.0
325.0,5.2,57.0,6.0,35.0,54.0,5.0
289.0,5.0,55.0,25.0,61.0,12.0,1.0
318.0,2.2,61.0,10.0,37.0,39.0,14.0
289.0,3.0,63.0,23.0,40.0,22.0,15.0
316.0,2.8,60.0,12.0,38.0,28.0,23.0
302.0,4.7,56.0,9.0,51.0,36.0,4.0
299.0,3.0,59.0,20.0,42.0,31.0,7.0
279.0,4.7,57.0,39.0,48.0,12.0,1.0
290.0,4.2,52.0,22.0,45.0,23.0,10.0
302.0,4.9,62.0,20.0,37.0,23.0,20.0
288.0,3.3,61.0,45.0,38.0,9.0,7.0
291.0,3.7,60.0,18.0,49.0,31.0,3.0
298.0,3.9,60.0,21.0,39.0,24.0,17.0
301.0,3.5,53.0,19.0,41.0,27.0,14.0
271.0,3.5,55.0,39.0,52.0,7.0,2.0
330.0,3.2,70.0,11.0,33.0,36.0,20.0
308.0,3.2,71.0,36.0,32.0,13.0,20.0
301.0,1.0,54.0,22.0,32.0,36.0,10.0
317.0,2.5,64.0,12.0,44.0,28.0,15.0
336.0,2.2,53.0,0.0,36.0,56.0,8.0
323.0,2.8,69.0,11.0,54.0,24.0,11.0
301.0,2.4,62.0,37.0,36.0,17.0,9.0
301.0,1.0,58.0,21.0,35.0,27.0,17.0
266.0,4.2,60.0,66.0,16.0,14.0,4.0
305.0,5.7,64.0,15.0,41.0,40.0,3.0
288.0,3.4,49.0,18.0,54.0,25.0,3.0
287.0,5.3,72.0,27.0,38.0,22.0,12.0
289.0,4.0,54.0,25.0,38.0,29.0,8.0
282.0,5.8,66.0,41.0,44.0,12.0,3.0
299.0,2.7,61.0,8.0,60.0,27.0,5.0
284.0,2.1,47.0,27.0,64.0,8.0,1.0
309.0,0.8000000000000003,61.0,16.0,23.0,42.0,18.0
322.0,0.8000000000000003,60.0,11.0,33.0,34.0,22.0
309.0,3.6,60.0,13.0,43.0,33.0,11.0
293.0,4.2,70.0,46.0,33.0,12.0,9.0
317.0,2.5,57.0,9.0,38.0,33.0,20.0
345.0,1.3000000000000003,62.0,4.0,27.0,54.0,16.0
328.0,2.8,66.0,11.0,32.0,32.0,26.0
303.0,2.2,58.0,15.0,47.0,28.0,10.0
295.0,2.3,62.0,43.0,29.0,20.0,8.0
328.0,1.3999999999999997,66.0,12.0,51.0,30.0,7.0
314.0,1.6,56.0,13.0,34.0,35.0,18.0
299.0,1.5000000000000002,51.0,18.0,35.0,34.0,13.0
279.0,0.0,51.0,51.0,36.0,9.0,4.0
296.0,5.7,62.0,25.0,59.0,12.0,4.0
316.0,0.0,45.0,4.0,45.0,45.0,6.0
309.0,5.1,55.0,4.0,49.0,45.0,2.0
271.0,1.9,62.0,60.0,25.0,9.0,6.0
288.0,3.5,61.0,30.0,51.0,19.0,0.0
318.0,3.6,63.0,13.0,30.0,51.0,6.0
286.0,3.8,67.0,29.0,31.0,27.0,13.0
296.0,3.3,58.0,23.0,37.0,28.0,12.0
296.0,1.8,58.0,16.0,52.0,25.0,7.0
359.0,0.0,58.0,2.0,20.0,49.0,29.0
348.0,1.5000000000000002,50.0,1.0,49.0,42.0,8.0
321.0,0.6999999999999997,50.0,7.0,30.0,39.0,25.0
328.0,0.0,59.0,15.0,47.0,21.0,17.0
359.0,1.5000000000000002,50.0,1.0,11.0,76.0,12.0
338.0,0.8000000000000003,57.0,9.0,21.0,38.0,32.0
292.0,5.2,55.0,19.0,54.0,22.0,6.0
269.0,4.6,48.0,61.0,28.0,9.0,2.0
320.0,0.0,63.0,8.0,64.0,14.0,14.0
280.0,3.3,59.0,29.0,43.0,18.0,9.0
282.0,3.0,54.0,37.0,34.0,25.0,4.0
327.0,0.0,50.0,3.0,42.0,53.0,3.0
309.0,1.3999999999999997,62.0,14.0,44.0,30.0,13.0
322.0,1.3999999999999997,66.0,12.0,55.0,26.0,7.0
336.0,1.1,51.0,0.0,37.0,56.0,7.0
282.0,1.1999999999999997,56.0,49.0,34.0,13.0,5.0
306.0,0.0,56.0,14.0,41.0,32.0,14.0
258.0,0.0,81.0,41.0,37.0,14.0,9.0
293.0,0.0,55.0,41.0,37.0,15.0,7.0
306.0,1.1,62.0,22.0,48.0,28.0,2.0
335.0,1.1,60.0,4.0,32.0,54.0,10.0
300.0,1.3999999999999997,56.0,17.0,42.0,26.0,15.0
325.0,1.6,60.0,16.0,17.0,40.0,27.0
322.0,0.0,61.0,9.0,38.0,40.0,14.0
290.0,1.9,60.0,19.0,53.0,19.0,9.0
294.0,3.0,61.0,27.0,54.0,16.0,4.0
317.0,3.0,62.0,10.0,38.0,46.0,6.0
298.0,3.0,62.0,21.0,36.0,25.0,18.0
300.0,2.6,54.0,17.0,45.0,25.0,13.0
263.0,1.7,55.0,66.0,24.0,7.0,3.0
321.0,3.0,62.0,9.0,43.0,32.0,16.0
296.0,2.0,63.0,21.0,43.0,24.0,13.0
297.0,2.0,59.0,20.0,42.0,24.0,14.0
285.0,2.5,56.0,30.0,53.0,17.0,1.0
316.0,2.6,58.0,10.0,41.0,44.0,4.0
287.0,3.0,63.0,45.0,32.0,15.0,8.0
255.0,4.4,56.0,74.0,18.0,4.0,4.0
302.0,6.4,59.0,23.0,33.0,30.0,13.0
276.0,5.2,48.0,29.0,48.0,19.0,4.0
292.0,2.7,48.0,22.0,64.0,15.0,0.0
309.0,3.3,57.0,7.0,53.0,37.0,4.0
295.0,4.8,61.0,22.0,49.0,21.0,8.0
264.0,2.6,45.0,41.0,53.0,6.0,0.0
278.0,2.2,60.0,56.0,30.0,8.0,6.0
283.0,2.1,56.0,27.0,46.0,23.0,5.0
288.0,2.1,56.0,29.0,38.0,23.0,10.0
282.0,1.9,52.0,27.0,41.0,23.0,9.0
314.0,3.3,56.0,9.0,42.0,45.0,4.0
282.0,0.0,62.0,53.0,27.0,13.0,7.0
293.0,1.7,49.0,21.0,67.0,11.0,1.0
323.0,4.3,60.0,12.0,27.0,39.0,22.0
317.0,3.9,55.0,12.0,36.0,29.0,24.0
305.0,1.9,54.0,9.0,45.0,43.0,3.0
309.0,0.0,56.0,11.0,49.0,31.0,10.0
331.0,4.5,57.0,8.0,29.0,39.0,24.0
348.0,0.0,59.0,0.0,28.0,56.0,16.0
334.0,0.0,62.0,10.0,49.0,34.0,7.0
328.0,3.3,52.0,4.0,44.0,37.0,15.0
308.0,3.3,53.0,35.0,31.0,27.0,7.0
315.0,4.5,57.0,15.0,33.0,30.0,21.0
269.0,2.9,57.0,63.0,23.0,12.0,3.0
293.0,2.7,54.0,23.0,42.0,27.0,8.0
284.0,3.4,62.0,32.0,58.0,8.0,2.0
306.0,3.8,61.0,11.0,40.0,46.0,3.0
285.0,2.9,55.0,17.0,60.0,20.0,4.0
273.0,2.7,51.0,36.0,39.0,17.0,8.0
283.0,2.2,49.0,21.0,58.0,19.0,3.0
269.0,1.8,46.0,36.0,43.0,19.0,2.0
286.0,6.4,67.0,21.0,49.0,26.0,5.0
258.0,2.0,45.0,74.0,19.0,7.0,1.0
285.0,1.8,45.0,24.0,51.0,20.0,5.0
278.0,5.2,55.0,32.0,58.0,11.0,0.0
306.0,2.8,60.0,16.0,46.0,24.0,15.0
293.0,0.0,73.0,51.0,22.0,14.0,14.0
308.0,0.0,67.0,15.0,45.0,25.0,15.0
287.0,4.0,47.0,26.0,64.0,11.0,0.0
325.0,4.8,57.0,6.0,39.0,49.0,6.0
299.0,2.6,54.0,16.0,41.0,31.0,12.0
311.0,2.9,57.0,12.0,39.0,22.0,27.0
303.0,1.3000000000000003,55.0,11.0,57.0,24.0,9.0
284.0,1.1999999999999997,53.0,44.0,39.0,14.0,3.0
289.0,5.4,67.0,21.0,44.0,32.0,3.0
292.0,4.6,57.0,25.0,58.0,16.0,1.0
316.0,2.7,56.0,11.0,37.0,31.0,21.0
362.0,0.0,44.0,1.0,14.0,75.0,10.0
305.0,1.1999999999999997,55.0,33.0,42.0,15.0,10.0
288.0,2.3,53.0,25.0,36.0,27.0,11.0
337.0,0.0,58.0,7.0,51.0,36.0,7.0
350.0,1.1,52.0,2.0,26.0,45.0,26.0
324.0,2.4,55.0,9.0,30.0,39.0,23.0
322.0,8.1,54.0,5.000000000000002,38.0,29.0,29.0
318.0,12.5,63.0,19.0,26.0,48.0,7.0
342.0,10.6,52.0,5.000000000000002,18.0,41.0,36.0
299.0,15.3,78.0,33.0,37.0,22.0,7.0
306.0,10.1,49.0,27.0,41.0,32.0,0.0
293.0,5.3,35.0,5.000000000000002,67.0,24.0,5.0
282.0,4.1,51.0,21.0,61.0,13.0,4.0
298.0,2.9,55.0,12.0,49.0,39.0,0.0
281.0,3.7,48.0,29.0,44.0,23.0,4.0
286.0,2.4,45.0,21.0,69.0,10.0,0.0
271.0,3.6,47.0,35.0,49.0,10.0,5.0
247.0,4.4,54.0,81.0,15.0,1.0,3.0
308.0,0.0,61.0,29.0,42.0,22.0,8.0
307.0,2.0,52.0,12.0,37.0,33.0,18.0
337.0,0.0,61.0,3.0,38.0,37.0,22.0
294.0,1.7,61.0,25.0,56.0,16.0,3.0
319.0,1.8,63.0,9.0,38.0,46.0,7.0
318.0,2.4,61.0,17.0,26.0,36.0,21.0
300.0,2.1,62.0,36.0,40.0,11.0,14.0
351.0,2.5,56.0,4.0,19.0,63.0,15.0
329.0,2.7,60.0,12.0,50.0,30.0,8.0
325.0,2.4,63.0,9.0,39.0,37.0,16.0
329.0,3.2,66.0,7.0,37.0,32.0,25.0
324.0,3.6,73.0,12.0,32.0,30.0,26.0
329.0,1.8,62.0,6.0,38.0,34.0,22.0
285.0,1.8,62.0,53.0,23.0,18.0,6.0
302.0,1.6,50.0,17.0,37.0,31.0,15.0
312.0,3.5,67.0,23.0,45.0,27.0,5.0
318.0,1.7,52.0,11.0,27.0,47.0,17.0
337.0,3.2,62.0,6.0,32.0,54.0,9.0
325.0,4.6,54.0,7.0,26.0,38.0,29.0
334.0,4.3,51.0,2.0,28.0,48.0,22.0
320.0,5.1,65.0,10.0,32.0,48.0,10.0
299.0,4.4,56.0,21.0,60.0,18.0,2.0
286.0,4.2,65.0,46.0,34.0,14.0,7.0
310.0,3.6,56.0,10.0,49.0,25.0,15.0
283.0,2.9,40.0,25.0,49.0,23.0,3.0
269.0,4.9,58.0,65.00000000000001,22.0,4.0,8.0
291.0,4.4,52.0,11.0,63.0,21.0,6.0
287.0,3.2,45.0,19.0,44.0,30.0,7.0
306.0,4.4,60.0,19.0,50.0,31.0,0.0
317.0,4.1,56.0,4.0,42.0,48.0,6.0
295.0,2.6,56.0,19.0,47.0,30.0,4.0
340.0,3.9,40.0,0.0,23.0,54.0,23.0
247.0,0.0,47.0,59.0,41.0,0.0,0.0
304.0,0.0,51.0,9.0,53.0,38.0,0.0
284.0,2.6,57.0,56.0,23.0,16.0,5.0
315.0,6.0,62.0,14.0,28.0,30.0,28.0
311.0,1.7,67.0,19.0,29.0,27.0,25.0
335.0,5.2,58.0,7.0,49.0,35.0,9.0
314.0,2.6,63.0,26.0,42.0,20.0,12.0
331.0,2.7,61.0,8.0,34.0,38.0,20.0
338.0,5.1,56.0,5.000000000000002,26.0,63.0,5.0
318.0,1.7,65.0,18.0,30.0,27.0,25.0
247.0,3.5,42.0,54.0,45.0,1.0,0.0
273.0,5.0,60.0,28.0,45.0,27.0,0.0
250.0,1.3999999999999997,47.0,74.0,23.0,1.0,2.0
279.0,1.5000000000000002,48.0,22.0,56.0,20.0,2.0
258.0,3.6,46.0,42.0,46.0,9.0,3.0
280.0,3.4,43.0,27.0,50.0,19.0,4.0
317.0,0.0,52.0,7.0,37.0,33.0,23.0
344.0,2.1,64.0,2.0,34.0,35.0,29.0
331.0,0.0,51.0,4.0,31.0,41.0,24.0
321.0,3.8,72.0,18.0,43.0,30.0,10.0
307.0,2.1,65.0,34.0,36.0,18.0,12.0
342.0,3.3,63.0,6.0,22.0,65.0,6.0
316.0,0.8999999999999999,56.0,6.0,51.0,29.0,14.0
325.0,1.5000000000000002,61.0,10.0,56.0,27.0,8.0
321.0,2.8,60.0,8.0,34.0,34.0,24.0
289.0,0.8000000000000003,52.0,46.0,35.0,15.0,5.0
344.0,1.5000000000000002,59.0,2.0,28.0,58.0,11.0
322.0,2.7,57.0,13.0,29.0,38.0,20.0
292.0,5.0,51.0,20.0,63.0,17.0,0.0
279.0,0.0,63.0,37.0,31.0,21.0,10.0
261.0,0.0,59.0,63.0,26.0,9.0,3.0
322.0,6.1,62.0,4.0,40.0,47.0,9.0
281.0,0.0,60.0,28.0,47.0,19.0,6.0
273.0,0.0,65.0,36.0,37.0,17.0,10.0
306.0,1.9,63.0,13.0,48.0,28.0,10.0
316.0,2.2,56.0,9.0,37.0,50.0,4.0
327.0,2.7,55.0,7.0,30.0,41.0,22.0
304.0,2.7,55.0,12.0,38.0,33.0,17.0
299.0,2.5,62.0,25.0,51.0,22.0,2.0
279.0,1.7,59.0,55.0,25.0,15.0,5.0
326.0,4.2,63.0,10.0,41.0,31.0,18.0
327.0,1.8,61.0,5.000000000000002,35.0,55.0,4.0
298.0,3.3,58.0,21.0,27.0,41.0,11.0
308.0,1.9,65.0,17.0,54.0,26.0,3.0
320.0,2.9,52.0,13.0,27.0,41.0,19.0
309.0,4.7,69.0,34.0,29.0,22.0,15.0
297.0,2.6,60.0,18.0,37.0,23.0,22.0
327.0,4.1,54.0,5.000000000000002,36.0,52.0,7.0
265.0,3.0,58.0,63.0,27.0,5.0,6.0
292.0,2.6,52.0,14.0,58.0,25.0,4.0
304.0,4.8,63.0,20.0,60.0,16.0,5.0
307.0,2.6,60.0,20.0,32.0,31.0,17.0
290.0,6.2,58.0,28.0,46.0,13.0,13.0
305.0,4.2,57.0,9.0,53.0,35.0,3.0
264.0,5.1,48.0,66.0,28.0,4.0,2.0
292.0,5.9,54.0,18.0,58.0,14.0,10.0
291.0,4.5,61.0,28.0,57.0,12.0,3.0
294.0,5.9,56.0,15.0,50.0,22.0,13.0
318.0,5.6,68.0,13.0,33.0,44.0,10.0
262.0,2.7,51.0,70.0,22.0,5.0,3.0
286.0,3.2,61.0,21.0,51.0,23.0,5.0
282.0,5.8,69.0,42.0,45.0,7.0,6.0
303.0,4.3,56.0,23.0,30.0,35.0,12.0
299.0,4.4,57.0,21.0,33.0,31.0,15.0
321.0,4.3,59.0,9.0,39.0,48.0,5.0
294.0,2.2,68.0,46.0,27.0,16.0,11.0
320.0,2.1,60.0,8.0,44.0,33.0,15.0
310.0,3.9,54.0,14.0,59.0,26.0,1.0
312.0,2.4,61.0,18.0,33.0,30.0,19.0
289.0,2.7,67.0,29.0,29.0,25.0,17.0
272.0,2.0,46.0,36.0,43.0,18.0,3.0
259.0,2.2,53.0,43.0,39.0,13.0,4.0
279.0,1.1,51.0,22.0,60.0,14.0,4.0
323.0,5.3,46.0,4.0,36.0,57.0,2.0
243.0,1.1999999999999997,52.0,82.00000000000001,14.0,3.0,2.0
283.0,5.8,51.0,28.0,60.0,13.0,0.0
291.0,2.0,61.0,44.0,34.0,15.0,7.0
311.0,2.0,60.0,12.0,45.0,30.0,12.0
297.0,1.9,56.0,21.0,60.0,17.0,2.0
321.0,5.2,52.0,7.0,35.0,39.0,19.0
327.0,1.8,54.0,7.0,30.0,60.0,3.0
310.0,4.9,50.0,12.0,37.0,33.0,18.0
268.0,3.1,45.0,28.0,62.0,10.0,1.0
278.0,3.0,44.0,31.0,46.0,21.0,3.0
261.0,5.9,48.0,45.0,51.0,5.0,0.0
271.0,3.2,48.0,31.0,46.0,22.0,2.0
282.0,7.800000000000001,54.0,19.0,56.0,24.0,1.0
244.0,2.8,41.0,82.00000000000001,16.0,1.0,1.0
277.0,1.3000000000000003,52.0,34.0,43.0,17.0,6.0
270.0,0.8999999999999999,55.0,62.0,29.0,6.0,4.0
283.0,0.8999999999999999,55.0,22.0,53.0,21.0,4.0
273.0,3.4,50.0,34.0,59.0,7.0,0.0
269.0,1.3000000000000003,54.0,37.0,38.0,20.0,4.0
303.0,4.4,65.0,11.0,52.0,32.0,5.0
338.0,1.1999999999999997,66.0,12.0,20.0,35.0,33.0
334.0,1.1,61.0,10.0,21.0,35.0,34.0
318.0,1.5000000000000002,61.0,28.0,30.0,26.0,16.0
358.0,1.0,54.0,2.0,18.0,67.0,13.0
338.0,1.5000000000000002,61.0,6.0,28.0,44.0,23.0
358.0,1.3999999999999997,74.0,8.0,29.0,47.0,17.0
333.0,3.4,58.0,5.000000000000002,33.0,52.0,10.0
323.0,3.1,63.0,10.0,41.0,31.0,18.0
292.0,3.1,53.0,26.0,57.0,17.0,0.0
312.0,2.1,64.0,18.0,27.0,32.0,23.0
308.0,3.1,65.0,39.0,28.0,18.0,15.0
316.0,2.1,66.0,16.0,32.0,31.0,22.0
296.0,2.7,56.0,20.0,37.0,30.0,13.0
313.0,4.1,57.0,8.0,41.0,45.0,6.0
292.0,2.4,62.0,19.0,51.0,22.0,8.0
278.0,2.3,62.0,56.0,27.0,10.0,8.0
290.0,4.2,59.0,26.0,64.0,8.0,2.0
303.0,2.6,56.0,19.0,40.0,29.0,13.0
351.0,5.8,75.0,10.0,22.0,24.0,44.0
295.0,5.3,55.0,19.0,61.0,19.0,2.0
321.0,4.5,58.0,14.0,27.0,37.0,22.0
361.0,3.0,62.0,2.0,25.0,38.0,36.0
319.0,5.7,59.0,8.0,41.0,47.0,5.0
331.0,2.9,60.0,21.0,32.0,25.0,21.0
322.0,2.3,57.0,5.000000000000002,40.0,51.0,4.0
284.0,2.1,52.0,28.0,59.0,11.0,1.0
302.0,1.1999999999999997,55.0,17.0,34.0,34.0,16.0
320.0,1.6,61.0,9.0,43.0,31.0,17.0
298.0,1.7,63.0,41.0,32.0,16.0,12.0
308.0,1.5000000000000002,61.0,17.0,39.0,26.0,18.0
291.0,3.3,54.0,15.0,59.0,18.0,8.0
281.0,3.0,49.0,53.0,34.0,9.0,4.0
295.0,0.0,41.0,9.0,81.0,9.0,0.0
287.0,2.6,49.0,23.0,53.0,19.0,6.0
289.0,2.5,47.0,24.0,43.0,24.0,10.0
309.0,0.0,47.0,6.0,43.0,51.0,0.0
335.0,0.0,66.0,9.0,23.0,40.0,28.0
341.0,0.0,66.0,7.0,35.0,30.0,28.0
345.0,0.0,72.0,16.0,37.0,16.0,30.0
338.0,0.0,65.0,7.0,28.0,35.0,30.0
337.0,3.0,63.0,7.0,49.0,32.0,12.0
357.0,2.5,54.0,0.0,22.0,54.0,24.0
316.0,2.0,53.0,7.0,37.0,35.0,21.0
302.0,1.1,53.0,30.0,39.0,24.0,6.0
312.0,3.4,68.0,20.0,50.0,21.0,9.0
334.0,2.8,56.0,4.0,35.0,53.0,9.0
324.0,2.3,56.0,8.0,31.0,39.0,21.0
317.0,1.3000000000000003,52.0,8.0,44.0,40.0,9.0
274.0,3.6,50.0,32.0,46.0,14.0,7.0
309.0,0.0,55.0,6.0,48.0,45.0,1.0
293.0,0.0,52.0,12.0,57.0,25.0,6.0
288.0,0.0,55.0,27.0,61.0,11.0,2.0
257.0,0.0,47.0,67.0,28.0,4.0,1.0
277.0,3.2,45.0,35.0,41.0,23.0,2.0
343.0,4.8,60.0,3.0,26.0,62.0,8.0
319.0,7.9,62.0,9.0,28.0,38.0,25.0
314.0,5.3,66.0,16.0,53.0,26.0,5.0
362.0,0.0,54.0,0.0,21.0,40.0,40.0
331.0,7.5,59.0,6.0,31.0,41.0,22.0
291.0,0.0,62.0,47.0,26.0,18.0,8.0
276.0,2.0,50.0,18.0,63.0,17.0,2.0
292.0,2.3,50.0,23.0,43.0,29.0,5.0
299.0,0.0,45.0,21.0,60.0,19.0,0.0
259.0,2.0,47.0,65.00000000000001,29.0,5.0,1.0
287.0,1.9,51.0,22.0,40.0,27.0,11.0
302.0,0.0,59.0,15.0,44.0,42.0,0.0
269.0,4.5,51.0,35.0,58.0,7.0,0.0
308.0,4.6,57.0,12.0,48.0,35.0,6.0
284.0,6.6,65.0,21.0,40.0,30.0,9.0
295.0,5.7,70.0,42.0,33.0,17.0,8.0
324.0,5.3,52.0,11.0,26.0,45.0,17.0
308.0,4.7,54.0,9.0,44.0,44.0,2.0
350.0,2.8,52.0,1.0,20.0,65.0,14.0
272.0,4.8,58.0,60.0,26.0,11.0,3.0
290.0,2.7,50.0,20.0,48.0,22.0,9.0
288.0,4.6,57.0,23.0,42.0,31.0,5.0
325.0,3.3,62.0,15.0,48.0,30.0,6.0
277.0,2.9,54.0,31.0,44.0,19.0,6.0
290.0,6.1,57.0,26.0,39.0,21.0,14.0
296.0,6.1,56.0,23.0,40.0,26.0,11.0
306.0,6.7,67.0,16.0,40.0,37.0,6.0
292.0,6.3,63.0,22.0,57.0,16.0,5.0
282.0,4.2,53.0,20.0,58.0,19.0,4.0
279.0,5.2,65.0,49.0,35.0,8.0,7.0
294.0,2.5,54.0,19.0,42.0,27.0,12.0
337.0,5.0,59.0,6.0,31.0,42.0,21.0
339.0,3.0,47.0,0.0,32.0,61.0,7.0
289.0,3.0,47.0,20.0,69.0,11.0,0.0
307.0,4.4,57.0,36.0,35.0,16.0,13.0
311.0,2.6,60.0,17.0,29.0,39.0,15.0
289.0,4.5,60.0,21.0,45.0,32.0,1.0
274.0,4.7,54.0,38.0,39.0,14.0,9.0
282.0,4.8,51.0,31.0,44.0,19.0,6.0
291.0,3.1,61.0,14.0,55.0,23.0,7.0
268.0,4.2,57.0,50.0,41.0,8.0,1.0
266.0,2.8,56.0,59.0,31.0,7.0,2.0
290.0,1.6,50.0,24.0,45.0,23.0,8.0
291.0,2.8,58.0,28.0,53.0,16.0,3.0
305.0,1.1,57.0,13.0,51.0,27.0,9.0
288.0,1.6,50.0,24.0,40.0,25.0,12.0
278.0,1.0,49.0,54.0,32.0,12.0,2.0
317.0,2.8,59.0,9.0,41.0,44.0,5.0
344.0,1.0,56.0,2.0,31.0,56.0,12.0
330.0,1.1,59.0,9.0,53.0,31.0,7.0
333.0,3.4,79.0,23.0,29.0,21.0,27.0
338.0,2.3,54.0,2.0,32.0,56.0,10.0
355.0,3.3,69.0,4.0,24.0,38.0,34.0
310.0,2.5,58.0,15.0,59.0,23.0,2.0
329.0,2.1,62.0,10.0,25.0,31.0,35.0
338.0,2.2,64.0,13.0,18.0,37.0,32.0
340.0,2.4,56.0,5.000000000000002,17.0,41.0,38.0
361.0,3.0,54.0,2.0,20.0,61.0,17.0
358.0,2.3,59.0,1.0,24.0,38.0,36.0
313.0,2.1,54.0,27.0,40.0,24.0,9.0
362.0,3.4,59.0,2.0,33.0,50.0,15.0
360.0,2.2,53.0,1.0,14.0,46.0,39.0
372.0,2.1,79.0,4.0,33.0,40.0,23.0
344.0,0.8999999999999999,61.0,17.0,24.0,35.0,24.0
341.0,1.8,59.0,6.0,29.0,30.0,35.0
355.0,0.8999999999999999,57.0,4.0,16.0,53.0,28.0
365.0,1.6,61.0,2.0,18.0,59.0,21.0
320.0,1.9,60.0,12.0,29.0,35.0,24.0
325.0,5.6,59.0,7.0,31.0,60.0,2.0
292.0,3.6,46.0,22.0,43.0,30.0,6.0
302.0,4.3,68.0,19.0,38.0,28.0,16.0
286.0,4.2,67.0,55.0,21.0,15.0,9.0
312.0,5.4,57.0,14.0,59.0,22.0,5.0
278.0,4.1,52.0,30.0,44.0,20.0,7.0
301.0,3.7,57.0,19.0,39.0,25.0,17.0
307.0,3.4,53.0,14.0,40.0,32.0,14.0
316.0,5.3,57.0,8.0,39.0,48.0,5.0
306.0,4.7,58.0,10.0,51.0,30.0,8.0
282.0,3.9,54.0,50.0,34.0,12.0,4.0
307.0,5.6,59.0,13.0,64.0,20.0,3.0
308.0,3.1,69.0,18.0,35.0,26.0,21.0
315.0,4.5,61.0,10.0,42.0,35.0,13.0
340.0,0.0,48.0,0.0,32.0,58.0,10.0
281.0,4.2,56.0,54.0,28.0,12.0,6.0
300.0,3.1,68.0,21.0,32.0,25.0,22.0
306.0,0.0,57.0,19.0,57.0,21.0,2.0
277.0,0.5,52.0,24.0,55.0,18.0,3.0
276.0,3.5,59.0,32.0,57.0,9.0,2.0
266.0,0.8000000000000003,46.0,42.0,44.0,8.0,6.0
281.0,0.8000000000000003,46.0,27.0,48.0,21.0,4.0
246.0,0.6000000000000001,51.0,78.0,16.0,4.0,2.0
281.0,4.0,60.0,21.0,53.0,24.0,2.0
281.0,3.8,62.0,33.0,51.0,14.0,2.0
268.0,1.8,59.0,62.0,20.0,15.0,3.0
326.0,1.9,52.0,11.0,26.0,43.0,20.0
297.0,3.5,57.0,14.0,49.0,36.0,1.0
288.0,1.6,45.0,22.0,44.0,26.0,7.0
304.0,1.8,61.0,20.0,42.0,31.0,8.0
283.0,1.6,50.0,27.0,46.0,19.0,8.0
306.0,1.6,50.0,16.0,35.0,37.0,12.0
314.0,1.9,68.0,15.0,38.0,39.0,9.0
319.0,0.0,54.0,6.0,44.0,39.0,11.0
261.0,0.0,56.0,69.0,21.0,7.0,3.0
285.0,1.7,58.0,28.0,58.0,12.0,2.0
295.0,3.4,44.0,17.0,51.0,28.0,5.0
312.0,2.0,49.0,7.0,46.0,41.0,7.0
295.0,1.9,47.0,41.0,37.0,17.0,4.0
306.0,2.5,49.0,7.0,52.0,39.0,3.0
288.0,2.5,50.0,21.0,67.0,11.0,1.0
292.0,3.5,45.0,20.0,41.0,32.0,8.0
325.0,4.5,49.0,1.0,37.0,59.0,2.0
279.0,4.0,54.0,30.0,43.0,17.0,10.0
287.0,4.4,48.0,20.0,72.0,7.0,1.0
286.0,4.2,58.0,27.0,46.0,16.0,11.0
295.0,1.3999999999999997,52.0,15.0,50.0,33.0,3.0
278.0,1.3999999999999997,53.0,54.0,32.0,12.0,3.0
311.0,1.7,57.0,13.0,56.0,28.0,3.0
272.0,2.6,54.0,59.0,29.0,10.0,3.0
301.0,1.7,54.0,17.0,43.0,25.0,14.0
293.0,2.7,58.0,18.0,48.0,30.0,4.0
308.0,1.9,62.0,19.0,36.0,27.0,18.0
331.0,1.7,57.0,4.0,35.0,55.0,7.0
325.0,3.4,63.0,6.0,39.0,49.0,6.0
303.0,3.1,60.0,36.0,39.0,16.0,10.0
329.0,3.4,61.0,9.0,25.0,43.0,23.0
321.0,2.9,56.0,9.0,34.0,46.0,11.0
312.0,3.9,71.0,19.0,55.0,18.0,8.0
311.0,3.4,60.0,13.0,37.0,31.0,20.0
288.0,2.8,56.0,20.0,53.0,23.0,5.0
296.0,4.3,56.0,27.0,34.0,28.0,11.0
292.0,4.6,60.0,27.0,39.0,20.0,14.0
278.0,3.5,54.0,33.0,58.0,7.0,2.0
286.0,3.2,64.0,45.0,37.0,10.0,9.0
302.0,3.7,57.0,14.0,51.0,32.0,3.0
300.0,0.8999999999999999,52.0,12.0,53.0,28.0,7.0
284.0,0.8999999999999999,53.0,51.0,30.0,15.0,4.0
317.0,3.1,57.0,3.0,45.0,47.0,5.0
285.0,3.5,64.0,32.0,55.0,10.0,3.0
303.0,3.5,53.0,16.0,39.0,33.0,13.0
289.0,4.0,60.0,30.0,36.0,22.0,12.0
277.0,10.0,56.0,19.0,50.0,27.0,4.0
264.0,3.0,42.0,65.00000000000001,27.0,8.0,0.0
288.0,8.1,50.0,22.0,70.0,9.0,0.0
309.0,4.3,61.0,19.0,42.0,23.0,15.0
269.0,11.4,64.0,39.0,35.0,19.0,8.0
337.0,9.7,60.0,0.0,44.0,39.0,17.0
315.0,3.3,59.0,11.0,39.0,38.0,12.0
300.0,4.2,59.0,22.0,57.0,19.0,3.0
296.0,2.9,52.0,31.0,46.0,20.0,4.0
289.0,2.6,48.0,20.0,51.0,22.0,8.0
310.0,4.5,62.0,15.0,38.0,42.0,6.0
301.0,2.6,47.0,14.0,48.0,28.0,10.0
319.0,1.3999999999999997,60.0,12.0,53.0,30.0,4.0
301.0,1.8,53.0,19.0,39.0,31.0,11.0
300.0,1.3999999999999997,55.0,11.0,54.0,28.0,7.0
343.0,1.5000000000000002,64.0,6.0,29.0,52.0,13.0
287.0,1.3999999999999997,54.0,45.0,41.0,10.0,5.0
296.0,2.1,58.0,22.0,39.0,25.0,14.0
286.0,1.3999999999999997,71.0,57.0,22.0,11.0,10.0
322.0,1.3999999999999997,68.0,12.0,36.0,30.0,22.0
324.0,4.4,67.0,15.0,28.0,30.0,28.0
306.0,3.8,58.0,17.0,32.0,31.0,20.0
341.0,3.0,61.0,5.000000000000002,24.0,59.0,12.0
288.0,3.2,64.0,31.0,52.0,15.0,3.0
293.0,5.3,57.0,21.0,48.0,25.0,7.0
321.0,4.1,60.0,6.0,38.0,45.0,11.0
267.0,5.4,58.0,64.0,23.0,11.0,2.0
290.0,5.8,45.0,19.0,49.0,26.0,7.0
301.0,3.9,57.0,17.0,66.0,15.0,2.0
285.0,7.700000000000001,60.0,33.0,30.0,28.0,9.0
323.0,2.2,56.0,6.0,43.0,38.0,13.0
320.0,6.0,65.0,11.0,36.0,48.0,6.0
294.0,2.1,55.0,40.0,41.0,13.0,6.0
305.0,2.9,52.0,21.0,25.0,43.0,11.0
296.0,3.1,56.0,15.0,49.0,25.0,12.0
287.0,4.6,50.0,26.0,60.0,12.0,1.0
295.0,1.6,52.0,16.0,51.0,27.0,7.0
281.0,2.7,58.0,36.0,33.0,18.0,13.0
292.0,2.5,51.0,25.0,41.0,23.0,11.0
266.0,1.5000000000000002,49.0,62.0,30.0,7.0,2.0
298.0,2.3,54.0,23.0,60.0,14.0,3.0
319.0,2.4,57.0,8.0,37.0,50.0,5.0
298.0,0.0,50.0,20.0,44.0,28.0,9.0
285.0,0.0,58.0,41.0,43.0,11.0,5.0
326.0,2.7,55.0,6.0,33.0,55.0,5.0
311.0,0.0,52.0,11.0,49.0,32.0,9.0
304.0,0.0,56.0,19.0,32.0,29.0,20.0
305.0,3.0,61.0,18.0,64.0,12.0,6.0
300.0,4.3,51.0,17.0,65.0,17.0,2.0
272.0,0.0,54.0,25.0,60.0,10.0,5.0
257.0,0.0,45.0,70.0,24.0,5.0,2.0
289.0,4.6,53.0,19.0,46.0,27.0,8.0
308.0,4.4,52.0,6.0,50.0,43.0,2.0
299.0,4.1,47.0,21.0,46.0,27.0,6.0
316.0,2.4,51.0,6.0,45.0,34.0,15.0
302.0,3.7,60.0,11.0,53.0,29.0,8.0
316.0,1.7,58.0,8.0,42.0,46.0,5.0
307.0,2.2,46.0,8.0,48.0,31.0,14.0
282.0,3.8,62.0,50.0,31.0,16.0,3.0
283.0,1.5000000000000002,52.0,29.0,58.0,14.0,0.0
339.0,1.6,56.0,7.0,26.0,35.0,33.0
297.0,1.3000000000000003,49.0,37.0,44.0,13.0,6.0
318.0,1.3999999999999997,54.0,10.0,41.0,40.0,9.0
352.0,2.8,55.0,2.0,24.0,61.0,13.0
330.0,1.6,56.0,9.0,21.0,39.0,32.0
323.0,3.3,65.0,11.0,54.0,26.0,9.0
280.0,4.4,48.0,32.0,40.0,26.0,2.0
269.0,4.2,46.0,30.0,53.0,15.0,2.0
252.0,5.4,50.0,56.0,40.0,2.0,2.0
267.0,5.1,54.0,62.0,26.0,10.0,2.0
271.0,5.2,48.0,20.0,62.0,18.0,0.0
302.0,4.7,49.0,10.0,53.0,33.0,3.0
304.0,3.9,61.0,14.0,49.0,24.0,13.0
301.0,4.4,60.0,21.0,58.0,15.0,6.0
307.0,3.2,51.0,12.0,47.0,29.0,12.0
325.0,5.1,69.0,12.0,28.0,52.0,8.0
272.0,4.2,67.0,33.0,37.0,19.0,10.0
291.0,4.2,67.0,53.0,25.0,9.0,13.0
275.0,3.7,57.0,33.0,55.0,12.0,0.0
238.0,2.2,42.0,86.0,14.0,0.0,0.0
243.0,5.1,57.0,52.0,39.0,6.0,3.0
292.0,4.1,46.0,22.0,44.0,28.0,7.0
285.0,2.7,51.0,24.0,55.0,18.0,4.0
307.0,3.5,54.0,9.0,47.0,41.0,3.0
302.0,3.5,59.0,15.0,46.0,30.0,9.0
292.0,3.9,57.0,32.0,49.0,18.0,2.0
296.0,3.4,57.0,40.0,37.0,15.0,8.0
296.0,3.9,57.0,14.0,51.0,34.0,2.0
308.0,3.6,48.0,13.0,41.0,35.0,10.0
293.0,3.9,52.0,25.0,35.0,23.0,16.0
297.0,5.4,56.0,17.0,47.0,36.0,0.0
268.0,4.6,52.0,35.0,37.0,24.0,4.0
249.0,0.0,44.0,74.0,25.0,2.0,0.0
303.0,5.1,58.0,14.0,43.0,29.0,14.0
285.0,4.6,48.0,21.0,70.0,9.0,0.0
283.0,0.0,59.0,26.0,55.0,9.0,9.0
305.0,2.3,56.0,15.0,61.0,23.0,2.0
314.0,2.5,52.0,11.0,34.0,42.0,14.0
310.0,2.7,62.0,13.0,49.0,24.0,15.0
298.0,2.7,61.0,43.0,27.0,19.0,10.0
292.0,2.4,52.0,21.0,47.0,21.0,11.0
314.0,2.1,51.0,4.0,47.0,48.0,2.0
318.0,2.4,51.0,11.0,54.0,35.0,0.0
318.0,3.0,56.0,13.0,36.0,29.0,23.0
311.0,3.0,57.0,14.0,39.0,29.0,19.0
353.0,2.8,58.0,4.0,23.0,65.0,9.0
336.0,2.3,58.0,7.0,30.0,43.0,20.0
305.0,2.5,65.0,36.0,31.0,21.0,12.0
274.0,2.7,60.0,39.0,52.0,8.0,1.0
272.0,2.6,50.0,27.0,58.0,12.0,3.0
261.0,2.6,52.0,68.0,20.0,11.0,1.0
307.0,3.6,61.0,21.0,35.0,24.0,21.0
289.0,2.4,51.0,18.0,54.0,26.0,1.0
293.0,4.1,65.0,28.0,31.0,27.0,15.0
302.0,1.8,60.0,16.0,47.0,27.0,10.0
293.0,4.1,54.0,22.0,42.0,28.0,9.0
309.0,5.2,63.0,11.0,42.0,41.0,6.0
301.0,4.5,55.0,23.0,50.0,25.0,2.0
324.0,5.1,67.0,13.0,33.0,28.0,27.0
281.0,1.8,59.0,54.0,26.0,16.0,4.0
273.0,2.8,61.0,34.0,41.0,17.0,9.0
303.0,3.9,58.0,13.0,54.0,21.0,12.0
306.0,2.6,56.0,18.0,38.0,30.0,14.0
293.0,3.2,57.0,26.0,58.0,14.0,2.0
296.0,3.5,63.0,15.0,46.0,38.0,2.0
284.0,4.4,64.0,55.0,25.0,13.0,7.0
301.0,7.300000000000001,65.0,21.0,54.0,21.0,5.0
327.0,5.6,62.0,9.0,35.0,31.0,25.0
322.0,5.9,53.0,5.000000000000002,35.0,58.0,2.0
314.0,3.4,49.0,6.0,44.0,43.0,6.0
290.0,6.0,64.0,21.0,37.0,23.0,19.0
273.0,4.0,54.0,60.0,30.0,6.0,4.0
288.0,2.5,42.0,16.0,50.0,27.0,7.0
296.0,4.6,65.0,33.0,43.0,23.0,1.0
299.0,3.0,49.0,16.0,41.0,33.0,10.0
323.0,4.3,61.0,8.0,37.0,47.0,8.0
271.0,0.5,54.0,59.0,30.0,7.0,4.0
306.0,0.5,61.0,15.0,44.0,31.0,11.0
291.0,2.2,56.0,42.0,37.0,13.0,7.0
299.0,2.2,55.0,13.0,52.0,28.0,8.0
291.0,2.4,58.0,29.0,50.0,18.0,2.0
317.0,2.4,56.0,10.0,35.0,51.0,4.0
304.0,2.7,56.0,18.0,42.0,24.0,16.0
304.0,2.9,62.0,19.0,33.0,27.0,20.0
263.0,5.1,67.0,67.0,21.0,4.0,8.0
294.0,3.2,65.0,27.0,50.0,19.0,3.0
288.0,3.4,45.0,18.0,53.0,26.0,3.0
317.0,2.7,56.0,8.0,40.0,47.0,6.0
278.0,4.5,56.0,27.0,40.0,27.0,6.0
295.0,4.2,52.0,19.0,46.0,24.0,10.0
300.0,5.6,65.0,42.0,25.0,20.0,13.0
341.0,5.4,62.0,5.000000000000002,33.0,30.0,32.0
339.0,3.3,68.0,13.0,58.0,15.0,15.0
323.0,0.0,65.0,14.0,31.0,31.0,24.0
360.0,2.7,56.0,0.0,23.0,65.0,13.0
303.0,0.0,65.0,21.0,31.0,27.0,21.0
314.0,2.5,55.0,11.0,35.0,41.0,13.0
327.0,0.0,59.0,5.000000000000002,43.0,33.0,19.0
299.0,2.7,59.0,21.0,61.0,16.0,3.0
293.0,0.0,65.0,41.0,33.0,19.0,7.0
320.0,3.0,65.0,11.0,37.0,49.0,3.0
308.0,2.4,53.0,13.0,29.0,43.0,15.0
293.0,2.4,62.0,43.0,34.0,14.0,9.0
303.0,3.2,64.0,23.0,33.0,33.0,11.0
296.0,2.9,59.0,24.0,32.0,29.0,15.0
298.0,2.4,55.0,21.0,58.0,20.0,1.0
310.0,2.6,59.0,8.0,49.0,40.0,4.0
301.0,2.3,60.0,16.0,46.0,29.0,9.0
268.0,3.8,57.0,60.0,27.0,10.0,4.0
275.0,3.6,68.0,31.0,34.0,22.0,13.0
292.0,2.6,51.0,20.0,68.0,11.0,1.0
314.0,2.9,55.0,7.0,48.0,41.0,4.0
294.0,3.0,57.0,24.0,36.0,30.0,10.0
289.0,3.5,56.0,19.0,54.0,22.0,5.0
288.0,0.0,64.0,19.0,48.0,33.0,0.0
292.0,0.0,57.0,48.0,28.0,14.0,10.0
312.0,0.0,65.0,18.0,40.0,28.0,15.0
291.0,2.7,44.0,21.0,48.0,26.0,5.0
279.0,0.0,52.0,31.0,55.0,13.0,0.0
280.0,3.0,48.0,23.0,53.0,18.0,6.0
291.0,2.0,62.0,27.0,30.0,31.0,12.0
283.0,0.8000000000000003,51.0,51.0,32.0,13.0,4.0
306.0,1.8,56.0,13.0,45.0,28.0,14.0
286.0,2.3,59.0,30.0,56.0,13.0,1.0
310.0,2.4,59.0,11.0,43.0,41.0,6.0
314.0,0.8999999999999999,54.0,9.0,49.0,33.0,9.0
296.0,0.0,58.0,17.0,51.0,24.0,9.0
279.0,0.0,43.0,32.0,39.0,24.0,4.0
339.0,3.9,53.0,2.0,33.0,56.0,9.0
294.0,0.0,46.0,16.0,42.0,34.0,8.0
271.0,0.0,42.0,61.0,34.0,6.0,0.0
340.0,4.6,63.0,9.0,44.0,40.0,7.0
272.0,4.4,54.0,34.0,45.0,15.0,6.0
299.0,4.1,52.0,18.0,46.0,22.0,15.0
312.0,4.0,63.0,15.0,40.0,35.0,11.0
273.0,3.0,50.0,37.0,55.0,8.0,1.0
317.0,3.5,57.0,7.0,44.0,45.0,4.0
284.0,4.2,63.0,50.0,29.0,16.0,5.0
290.0,0.8999999999999999,67.0,30.0,50.0,16.0,4.0
337.0,2.2,52.0,5.000000000000002,26.0,43.0,27.0
316.0,0.8000000000000003,62.0,10.0,41.0,44.0,5.0
306.0,2.1,51.0,14.0,38.0,31.0,18.0
329.0,0.0,60.0,6.0,39.0,33.0,21.0
300.0,0.0,71.0,42.0,28.0,17.0,14.0
277.0,3.1,51.0,28.0,45.0,20.0,7.0
306.0,3.2,52.0,15.0,38.0,35.0,12.0
284.0,3.2,55.0,18.0,59.0,18.0,5.0
320.0,4.9,55.0,4.0,48.0,44.0,5.0
299.0,5.1,57.0,20.0,61.0,18.0,1.0
258.0,3.2,56.0,62.0,30.0,7.0,1.0
306.0,2.3,54.0,14.0,63.0,22.0,2.0
286.0,1.7,50.0,20.0,46.0,25.0,9.0
294.0,1.7,48.0,21.0,46.0,25.0,8.0
325.0,2.7,64.0,8.0,38.0,47.0,8.0
296.0,2.2,69.0,40.0,39.0,11.0,10.0
307.0,2.0,62.0,13.0,45.0,31.0,11.0
309.0,7.700000000000001,64.0,13.0,39.0,44.0,4.0
278.0,2.0,46.0,29.0,45.0,19.0,7.0
282.0,2.2,52.0,30.0,45.0,18.0,7.0
279.0,4.0,51.0,24.0,54.0,21.0,2.0
293.0,7.200000000000001,60.0,25.0,57.0,17.0,1.0
268.0,4.6,59.0,63.0,23.0,8.0,6.0
340.0,0.0,65.0,14.0,29.0,36.0,21.0
342.0,0.0,62.0,14.0,14.0,43.0,29.0
332.0,0.0,84.0,14.0,29.0,29.0,29.0
342.0,0.0,49.0,7.0,21.0,50.0,21.0
293.0,6.1,58.0,18.0,51.0,24.0,6.0
293.0,2.2,55.0,27.0,57.0,14.0,2.0
273.0,6.1,51.0,39.0,36.0,18.0,7.0
303.0,2.2,55.0,11.0,55.0,31.0,3.0
290.0,6.6,55.0,27.0,39.0,26.0,7.0
268.0,6.1,58.0,65.00000000000001,23.0,9.0,4.0
293.0,2.0,60.0,28.0,29.0,30.0,13.0
303.0,2.5,83.0,49.0,22.0,11.0,18.0
337.0,1.7,59.0,4.0,35.0,54.0,8.0
329.0,2.1,73.0,14.0,48.0,28.0,11.0
325.0,1.9,64.0,14.0,30.0,31.0,25.0
334.0,1.9,68.0,9.0,35.0,30.0,26.0
279.0,6.0,59.0,24.0,49.0,28.0,0.0
263.0,3.9,38.0,40.0,57.0,3.0,0.0
290.0,3.9,49.0,23.0,44.0,24.0,9.0
252.0,2.8,48.0,77.0,17.0,5.0,1.0
264.0,4.7,59.0,37.0,42.0,15.0,7.0
281.0,3.3,55.0,23.0,53.0,19.0,5.0
243.0,2.1,49.0,80.0,16.0,4.0,1.0
285.0,5.5,56.0,29.0,55.0,15.0,1.0
283.0,2.4,46.0,26.0,50.0,18.0,7.0
290.0,6.0,61.0,16.0,49.0,32.0,4.0
276.0,2.2,54.0,27.0,54.0,17.0,4.0
264.0,2.4,50.0,36.0,48.0,14.0,2.0
318.0,3.7,55.0,7.0,43.0,44.0,6.0
245.0,2.2,53.0,78.0,18.0,3.0,1.0
303.0,3.5,53.0,13.0,70.0,15.0,3.0
311.0,3.6,58.0,14.0,42.0,29.0,16.0
271.0,4.0,61.0,35.0,44.0,14.0,8.0
291.0,2.4,59.0,19.0,52.0,22.0,7.0
255.0,0.0,50.0,70.0,24.0,5.0,1.0
282.0,2.8,59.0,34.0,51.0,15.0,0.0
279.0,0.0,51.0,21.0,59.0,16.0,4.0
277.0,3.5,49.0,33.0,43.0,20.0,4.0
304.0,3.0,64.0,13.0,47.0,35.0,5.0
275.0,3.6,50.0,33.0,45.0,15.0,8.0
314.0,4.8,58.0,9.0,44.0,44.0,3.0
274.0,2.7,45.0,29.0,50.0,18.0,3.0
271.0,2.7,54.0,60.0,25.0,14.0,1.0
312.0,4.6,55.0,10.0,70.0,17.0,3.0
291.0,2.7,56.0,14.0,60.0,18.0,8.0
279.0,3.4,56.0,32.0,49.0,12.0,8.0
310.0,1.1999999999999997,57.0,8.0,54.0,30.0,8.0
295.0,1.8,57.0,18.0,39.0,31.0,13.0
302.0,4.0,61.0,20.0,50.0,26.0,4.0
322.0,4.3,66.0,10.0,40.0,42.0,8.0
289.0,1.1999999999999997,57.0,41.0,38.0,16.0,5.0
300.0,1.7,54.0,15.0,45.0,29.0,11.0
330.0,2.2,53.0,2.0,40.0,52.0,6.0
311.0,1.3999999999999997,53.0,12.0,43.0,32.0,14.0
316.0,2.2,63.0,27.0,36.0,24.0,13.0
307.0,1.3999999999999997,55.0,13.0,40.0,31.0,16.0
340.0,2.0,56.0,3.0,29.0,49.0,19.0
324.0,2.8,68.0,13.0,51.0,29.0,7.0
328.0,2.5,66.0,13.0,23.0,31.0,33.0
342.0,1.5000000000000002,57.0,4.0,26.0,60.0,10.0
323.0,1.5000000000000002,60.0,11.0,54.0,29.0,5.0
330.0,2.1,56.0,8.0,26.0,43.0,23.0
332.0,2.7,64.0,7.0,36.0,35.0,22.0
300.0,2.9,68.0,41.0,30.0,20.0,10.0
317.0,3.1,44.0,4.0,43.0,38.0,15.0
283.0,4.5,58.0,53.0,28.0,13.0,6.0
314.0,6.5,67.0,15.0,59.0,17.0,9.0
332.0,6.4,66.0,9.0,30.0,49.0,11.0
304.0,4.0,56.0,15.0,40.0,25.0,21.0
295.0,3.8,50.0,13.0,57.0,27.0,3.0
289.0,1.5000000000000002,49.0,21.0,45.0,27.0,7.0
281.0,1.6,50.0,32.0,47.0,13.0,8.0
267.0,2.7,51.0,61.0,29.0,8.0,2.0
293.0,5.1,49.0,19.0,65.0,16.0,0.0
293.0,2.9,55.0,16.0,50.0,27.0,7.0
305.0,5.7,55.0,13.0,36.0,48.0,3.0
265.0,4.3,60.0,67.0,20.0,9.0,4.0
325.4,4.51,71.1,0.0,0.0,1.0,0.0
325.4,3.11,71.5,1.0,0.0,1.0,1.0
291.0,4.0,57.0,16.0,60.0,20.0,4.0
325.4,3.11,71.5,1.0,1.0,1.0,0.0
325.4,4.51,71.1,0.0,0.0,1.0,0.0
233.0,3.5,45.0,90.99999999999999,8.0,1.0,1.0
286.0,2.4,45.0,22.0,49.0,20.0,9.0
277.0,5.9,49.0,35.0,56.0,10.0,0.0
272.0,3.5,45.0,29.0,55.0,16.0,1.0
304.0,6.2,52.0,10.0,54.0,35.0,2.0
297.0,2.5,47.0,17.0,43.0,33.0,7.0
309.0,2.1,56.0,10.0,49.0,31.0,11.0
313.0,2.6,50.0,10.0,44.0,32.0,14.0
289.0,2.2,61.0,45.0,31.0,18.0,7.0
298.0,2.9,56.0,23.0,62.0,14.0,1.0
308.0,3.6,68.0,19.0,35.0,26.0,19.0
310.0,3.3,63.0,13.0,40.0,43.0,4.0
295.0,0.0,65.0,47.0,28.0,11.0,14.0
327.0,2.0,63.0,11.0,24.0,43.0,22.0
308.0,1.7,49.0,13.0,35.0,35.0,17.0
343.0,0.6999999999999997,58.0,3.0,28.0,59.0,11.0
326.0,0.0,66.0,8.0,40.0,34.0,18.0
313.0,0.6999999999999997,57.0,15.0,58.0,24.0,3.0
285.0,2.5,48.0,23.0,67.0,9.0,1.0
270.0,3.7,54.0,40.0,36.0,19.0,5.0
271.0,1.5000000000000002,61.0,29.0,56.0,10.0,5.0
275.0,3.4,51.0,32.0,43.0,22.0,4.0
298.0,3.0,58.0,12.0,49.0,37.0,1.0
255.0,1.5000000000000002,58.0,71.0,21.0,5.0,3.0
284.0,2.2,39.0,28.0,43.0,27.0,2.0
298.0,3.4,57.0,19.0,49.0,24.0,8.0
255.0,3.5,38.0,50.0,50.0,0.0,0.0
281.0,2.3,41.0,25.0,47.0,23.0,5.0
266.0,3.8,63.0,67.0,19.0,8.0,6.0
278.0,5.0,54.0,23.0,52.0,26.0,0.0
261.0,3.0,49.0,68.0,25.0,6.0,1.0
306.0,4.0,55.0,8.0,48.0,42.0,2.0
271.0,3.3,47.0,33.0,49.0,12.0,6.0
278.0,3.2,51.0,22.0,56.0,20.0,2.0
275.0,3.3,47.0,31.0,51.0,13.0,5.0
284.0,3.6,50.0,28.0,63.0,8.0,1.0
264.0,5.6,44.0,35.0,62.0,3.0,0.0
253.0,4.7,42.0,78.0,19.0,3.0,0.0
270.0,5.7,52.0,38.0,41.0,16.0,6.0
263.0,6.7,52.0,27.0,60.0,14.0,0.0
276.0,4.5,42.0,22.0,56.0,19.0,3.0
272.0,5.3,47.0,25.0,59.0,14.0,2.0
231.0,2.6,48.0,86.0,15.0,0.0,0.0
287.0,5.8,50.0,35.0,35.0,24.0,7.0
302.0,4.4,51.0,6.0,53.0,40.0,2.0
262.0,2.7,50.0,34.0,57.0,8.0,2.0
272.0,4.4,51.0,34.0,57.0,8.0,2.0
267.0,6.5,56.0,44.0,35.0,16.0,6.0
278.0,2.9,49.0,25.0,67.0,7.0,1.0
309.0,3.1,53.0,8.0,43.0,46.0,3.0
293.0,2.0,57.0,21.0,43.0,25.0,12.0
299.0,0.0,64.0,18.0,46.0,28.0,8.0
310.0,1.7,47.0,13.0,35.0,39.0,13.0
283.0,0.0,66.0,53.0,25.0,16.0,6.0
304.0,3.6,55.0,14.0,44.0,24.0,19.0
308.0,2.9,52.0,8.0,46.0,43.0,2.0
273.0,3.0,54.0,39.0,52.0,6.0,2.0
287.0,1.0,46.0,15.0,59.0,23.0,3.0
261.0,1.1999999999999997,54.0,67.0,25.0,6.0,2.0
274.0,3.1,47.0,34.0,40.0,20.0,6.0
295.0,13.1,62.0,29.0,33.0,25.0,13.0
281.0,16.6,79.0,38.0,33.0,8.0,21.0
282.0,5.0,55.0,29.0,56.0,13.0,2.0
308.0,8.0,57.0,10.0,48.0,28.0,14.0
251.0,5.6,40.0,79.0,14.0,7.0,0.0
297.0,6.5,72.0,21.0,29.0,48.0,2.0
311.0,4.2,69.0,14.0,46.0,21.0,20.0
324.0,1.3999999999999997,66.0,11.0,57.0,25.0,7.0
283.0,3.6,48.0,29.0,42.0,21.0,8.0
290.0,3.8,52.0,22.0,48.0,20.0,10.0
326.0,1.1,54.0,1.0,42.0,52.0,6.0
295.0,3.7,60.0,47.0,26.0,17.0,10.0
277.0,2.3,59.0,31.0,48.0,10.0,10.0
280.0,6.9,64.0,31.0,55.0,11.0,4.0
273.0,3.5,47.0,28.0,56.0,13.0,3.0
291.0,2.0,52.0,25.0,47.0,18.0,9.0
246.0,3.7,50.0,75.0,20.0,5.0,0.0
300.0,6.2,58.0,15.0,47.0,35.0,4.0
275.0,1.8,48.0,32.0,48.0,15.0,6.0
280.0,3.8,54.0,29.0,56.0,15.0,0.0
302.0,4.0,57.0,11.0,49.0,36.0,4.0
238.0,2.9,48.0,80.0,17.0,2.0,0.0
280.0,1.6,43.0,25.0,52.0,21.0,3.0
269.0,3.2,52.0,35.0,51.0,9.0,5.0
312.0,2.2,61.0,13.0,40.0,36.0,11.0
303.0,3.6,48.0,16.0,32.0,36.0,16.0
310.0,3.2,43.0,7.0,41.0,43.0,9.0
268.0,6.6,59.0,35.0,54.0,11.0,0.0
288.0,1.6,44.0,49.0,38.0,7.0,6.0
297.0,7.6,68.0,22.0,41.0,33.0,4.0
247.0,3.5,41.0,80.0,19.0,1.0,0.0
277.0,3.4,48.0,34.0,45.0,17.0,4.0
274.0,3.9,46.0,26.0,56.0,18.0,1.0
266.0,4.7,51.0,43.0,46.0,11.0,0.0
254.0,3.8,54.0,42.0,46.0,9.0,4.0
289.0,5.5,60.0,19.0,46.0,33.0,3.0
268.0,2.2,50.0,63.0,26.0,11.0,1.0
280.0,1.5000000000000002,40.0,25.0,51.0,21.0,3.0
278.0,1.9,50.0,34.0,36.0,23.0,6.0
315.0,6.3,59.0,12.0,35.0,52.0,2.0
310.0,2.3,52.0,11.0,52.0,30.0,7.0
285.0,5.5,51.0,29.0,58.0,14.0,0.0
297.0,7.300000000000001,75.0,29.0,51.0,14.0,6.0
335.0,6.0,62.0,6.0,43.0,37.0,14.0
293.0,2.9,55.0,16.0,51.0,29.0,4.0
293.0,4.4,59.0,28.0,33.0,27.0,12.0
288.0,4.5,64.0,27.0,32.0,27.0,14.0
275.0,3.1,59.0,54.0,36.0,6.0,4.0
272.0,3.7,41.0,33.0,47.0,17.0,3.0
312.0,5.7,60.0,4.0,57.0,32.0,7.0
265.0,6.4,42.0,69.0,22.0,8.0,0.0
279.0,3.3,36.0,23.0,58.0,18.0,2.0
308.0,5.3,56.0,14.0,64.0,18.0,4.0
277.0,6.1,40.0,19.0,64.0,14.0,3.0
279.0,2.7,64.0,25.0,39.0,27.0,9.0
332.0,2.9,57.0,6.0,36.0,46.0,13.0
295.0,4.2,70.0,46.0,27.0,17.0,10.0
275.0,2.5,48.0,32.0,63.0,5.0,1.0
287.0,2.8,66.0,25.0,44.0,19.0,13.0
301.0,3.8,64.0,18.0,45.0,23.0,14.0
320.0,1.5000000000000002,60.0,11.0,42.0,32.0,15.0
314.0,2.4,57.0,10.0,36.0,34.0,20.0
305.0,3.6,53.0,8.0,48.0,42.0,2.0
276.0,3.4,51.0,32.0,60.0,7.0,2.0
291.0,1.8,66.0,45.0,26.0,22.0,8.0
317.0,2.2,54.0,11.0,37.0,32.0,20.0
287.0,1.9,57.0,20.0,56.0,19.0,6.0
277.0,2.0,60.0,59.0,27.0,8.0,7.0
274.0,1.6,43.0,32.0,50.0,14.0,4.0
315.0,2.9,54.0,7.0,42.0,48.0,4.0
259.0,1.7,46.0,44.0,44.0,9.0,4.0
292.0,3.0,56.0,22.0,60.0,17.0,1.0
281.0,5.5,56.0,22.0,52.0,25.0,2.0
260.0,5.1,52.0,48.0,42.0,9.0,0.0
249.0,4.5,48.0,80.0,14.0,5.0,2.0
277.0,4.9,53.0,22.0,61.0,14.0,4.0
272.0,2.8,44.0,34.0,47.0,16.0,3.0
259.0,3.4,52.0,48.0,39.0,10.0,4.0
281.0,3.9,62.0,56.0,21.0,18.0,6.0
333.0,3.4,45.0,1.0,33.0,64.0,2.0
271.0,5.4,59.0,36.0,33.0,26.0,5.0
313.0,5.1,56.0,15.0,33.0,36.0,15.0
307.0,4.0,63.0,16.0,40.0,32.0,13.0
293.0,4.4,58.0,21.0,59.0,18.0,2.0
312.0,3.8,47.0,7.0,48.0,32.0,13.0
316.0,5.7,62.0,24.0,41.0,31.0,3.0
327.0,4.8,52.0,3.0,31.0,66.0,0.0
279.0,3.2,57.0,54.0,25.0,16.0,5.0
313.0,3.3,55.0,10.0,43.0,35.0,13.0
293.0,3.9,48.0,21.0,39.0,30.0,9.0
325.0,3.7,64.0,6.0,40.0,47.0,7.0
281.0,2.4,54.0,27.0,41.0,22.0,10.0
279.0,5.6,61.0,53.0,28.0,13.0,6.0
292.0,4.4,51.0,15.0,59.0,22.0,4.0
302.0,3.2,63.0,18.0,61.0,17.0,4.0
294.0,1.9,55.0,24.0,43.0,24.0,10.0
284.0,3.9,61.0,33.0,32.0,22.0,13.0
290.0,3.2,61.0,49.0,30.0,14.0,7.0
302.0,3.6,63.0,20.0,53.0,24.0,3.0
310.0,2.9,56.0,10.0,52.0,32.0,6.0
312.0,3.6,62.0,9.0,46.0,38.0,8.0
300.0,3.8,60.0,19.0,38.0,25.0,18.0
266.0,2.0,72.0,29.0,42.0,22.0,7.0
285.0,4.7,55.0,45.0,40.0,11.0,5.0
301.0,1.5000000000000002,54.0,17.0,42.0,26.0,15.0
315.0,6.9,53.0,7.0,39.0,55.0,0.0
315.0,4.1,48.0,3.0,53.0,34.0,11.0
288.0,5.8,44.0,19.0,71.0,10.0,0.0
286.0,12.5,66.0,48.0,33.0,7.0,11.0
320.0,13.3,71.0,11.0,33.0,41.0,15.0
284.0,17.7,65.0,35.0,35.0,13.0,17.0
299.0,18.2,67.0,17.0,57.0,4.0,22.0
281.0,8.3,64.0,21.0,71.0,0.0,7.0
325.0,6.3,48.0,0.0,43.0,50.0,7.0
275.0,2.3,49.0,34.0,47.0,14.0,5.0
279.0,1.5000000000000002,50.0,19.0,62.0,17.0,2.0
265.0,2.1,44.0,38.0,48.0,11.0,3.0
279.0,3.4,54.0,33.0,56.0,10.0,2.0
262.0,1.6,51.0,68.0,25.0,6.0,2.0
308.0,3.4,53.0,9.0,48.0,40.0,3.0
333.0,3.3,53.0,2.0,34.0,60.0,4.0
305.0,2.8,58.0,20.0,32.0,30.0,18.0
316.0,3.8,61.0,19.0,47.0,28.0,6.0
333.0,2.4,61.0,6.0,37.0,41.0,17.0
292.0,2.3,59.0,45.0,35.0,12.0,8.0
325.0,2.7,57.0,11.0,28.0,38.0,23.0
293.0,2.7,48.0,20.0,68.0,12.0,0.0
294.0,2.4,51.0,19.0,47.0,24.0,10.0
286.0,2.1,48.0,19.0,50.0,24.0,7.0
302.0,2.7,49.0,11.0,47.0,43.0,0.0
266.0,2.2,55.0,65.00000000000001,26.0,7.0,3.0
286.0,2.1,52.0,21.0,56.0,19.0,5.0
309.0,2.2,61.0,12.0,45.0,33.0,10.0
280.0,2.5,45.0,26.0,63.0,11.0,0.0
280.0,2.0,58.0,28.0,45.0,17.0,11.0
289.0,2.1,59.0,46.0,35.0,13.0,7.0
297.0,3.0,55.0,13.0,51.0,35.0,1.0
293.0,2.0,57.0,26.0,37.0,28.0,9.0
312.0,4.3,65.0,22.0,44.0,32.0,2.0
303.0,3.9,59.0,15.0,46.0,39.0,0.0
305.0,0.0,57.0,11.0,49.0,29.0,11.0
286.0,0.0,52.0,49.0,32.0,15.0,3.0
296.0,0.0,52.0,21.0,43.0,27.0,9.0
283.0,0.0,47.0,24.0,48.0,22.0,6.0
310.0,2.8,58.0,9.0,44.0,42.0,5.0
283.0,2.0,52.0,27.0,43.0,21.0,10.0
287.0,1.3999999999999997,58.0,21.0,53.0,19.0,7.0
277.0,1.6,65.0,59.0,28.0,7.0,7.0
301.0,3.3,68.0,25.0,53.0,17.0,5.0
282.0,2.2,55.0,30.0,39.0,23.0,8.0
312.0,2.0,47.0,7.0,53.0,33.0,7.0
302.0,3.4,60.0,12.0,46.0,39.0,2.0
283.0,3.2,58.0,34.0,51.0,16.0,0.0
312.0,6.2,63.0,15.0,46.0,18.0,21.0
281.0,2.4,57.0,49.0,33.0,13.0,4.0
310.0,6.1,62.0,24.0,24.0,30.0,21.0
284.0,8.0,60.0,36.0,48.0,14.0,2.0
270.0,2.3,42.0,35.0,45.0,16.0,4.0
304.0,3.5,48.0,7.0,54.0,31.0,9.0
284.0,2.2,40.0,21.0,55.0,21.0,4.0
270.0,4.2,60.0,59.0,30.0,10.0,1.0
285.0,8.1,61.0,29.0,41.0,26.0,5.0
248.0,1.1,50.0,47.0,43.0,9.0,1.0
257.0,2.1,53.0,68.0,26.0,5.0,2.0
303.0,3.9,50.0,8.0,52.0,40.0,1.0
285.0,2.3,57.0,25.0,48.0,22.0,5.0
266.0,1.0,42.0,34.0,50.0,14.0,2.0
279.0,4.6,59.0,31.0,58.0,9.0,2.0
268.0,2.3,43.0,63.0,28.0,9.0,1.0
287.0,3.0,57.0,21.0,53.0,22.0,5.0
294.0,1.9,56.0,27.0,56.0,16.0,2.0
305.0,1.8,51.0,10.0,47.0,41.0,2.0
292.0,2.3,47.0,17.0,52.0,23.0,8.0
284.0,2.4,48.0,23.0,49.0,18.0,10.0
310.0,4.7,58.0,16.0,35.0,33.0,16.0
304.0,3.4,60.0,16.0,46.0,29.0,9.0
331.0,5.7,65.0,6.0,37.0,46.0,11.0
284.0,3.3,59.0,51.0,29.0,16.0,5.0
284.0,4.9,56.0,35.0,50.0,12.0,4.0
297.0,4.8,60.0,20.0,35.0,34.0,12.0
271.0,2.4,53.0,60.0,29.0,10.0,1.0
295.0,2.9,56.0,21.0,42.0,26.0,11.0
291.0,2.6,52.0,15.0,53.0,31.0,1.0
283.0,2.1,49.0,22.0,54.0,21.0,3.0
293.0,2.7,54.0,20.0,47.0,23.0,11.0
277.0,2.6,51.0,33.0,59.0,7.0,1.0
385.0,3.3,75.0,3.0,26.0,45.0,26.0
386.0,2.5,56.0,2.0,10.0,58.0,31.0
285.0,4.1,59.0,21.0,56.0,17.0,6.0
282.0,3.6,57.0,31.0,40.0,18.0,12.0
300.0,3.3,52.0,17.0,45.0,29.0,10.0
331.0,3.5,58.0,5.000000000000002,29.0,59.0,7.0
295.0,4.1,67.0,29.0,49.0,16.0,7.0
271.0,3.9,55.0,58.0,26.0,13.0,3.0
288.0,2.6,55.0,23.0,62.0,13.0,2.0
277.0,2.6,52.0,27.0,45.0,22.0,6.0
276.0,2.1,55.0,28.0,50.0,18.0,4.0
245.0,1.6,46.0,80.0,15.0,5.0,0.0
310.0,2.9,60.0,12.0,44.0,39.0,6.0
295.0,2.5,52.0,23.0,38.0,29.0,10.0
296.0,1.1999999999999997,56.0,13.0,55.0,26.0,6.0
288.0,2.5,56.0,26.0,47.0,18.0,9.0
263.0,4.3,40.0,40.0,55.0,5.0,0.0
274.0,2.2,50.0,32.0,47.0,14.0,8.0
309.0,6.5,59.0,15.0,34.0,48.0,3.0
267.0,1.3999999999999997,66.0,66.0,20.0,7.0,7.0
274.0,4.6,51.0,22.0,58.0,20.0,0.0
260.0,4.5,49.0,42.0,51.0,7.0,0.0
269.0,2.1,39.0,37.0,46.0,17.0,1.0
269.0,1.1,50.0,30.0,55.0,12.0,3.0
259.0,2.4,45.0,36.0,54.0,8.0,2.0
251.0,1.1999999999999997,51.0,73.0,21.0,3.0,3.0
286.0,2.3,51.0,23.0,47.0,22.0,8.0
309.0,2.8,59.0,9.0,46.0,40.0,5.0
281.0,2.8,58.0,31.0,52.0,16.0,1.0
297.0,2.3,52.0,18.0,44.0,29.0,10.0
285.0,0.0,56.0,49.0,32.0,14.0,5.0
295.0,0.0,55.0,20.0,49.0,24.0,7.0
288.0,7.700000000000001,67.0,18.0,53.0,24.0,6.0
355.0,16.7,72.0,9.0,36.0,36.0,18.0
275.0,7.4,64.0,50.0,32.0,15.0,3.0
263.0,7.200000000000001,40.0,43.0,50.0,4.0,4.0
344.0,12.1,52.0,0.0,18.0,64.0,18.0
265.0,9.6,53.0,39.0,39.0,14.0,7.0
291.0,3.9,56.0,27.0,56.0,17.0,1.0
273.0,3.1,44.0,34.0,47.0,15.0,5.0
269.0,1.6,54.0,62.0,29.0,7.0,3.0
306.0,4.1,59.0,11.0,43.0,42.0,4.0
276.0,3.1,45.0,29.0,54.0,13.0,3.0
280.0,1.6,55.0,24.0,52.0,20.0,4.0
239.0,1.9,45.0,85.0,12.0,1.0,3.0
254.0,4.8,45.0,60.0,35.0,5.0,0.0
270.0,3.7,53.0,44.0,39.0,10.0,8.0
257.0,3.6,53.0,46.0,41.0,9.0,4.0
276.0,5.9,56.0,29.0,46.0,24.0,2.0
268.0,2.0,48.0,31.0,53.0,15.0,2.0
288.0,3.9,45.0,9.0,73.0,18.0,0.0
263.0,4.2,49.0,50.0,46.0,5.0,0.0
278.0,2.6,39.0,29.0,42.0,29.0,0.0
257.0,3.4,41.0,64.0,31.0,5.0,0.0
278.0,3.8,45.0,26.0,49.0,26.0,0.0
284.0,3.2,48.0,29.0,39.0,27.0,5.0
253.0,0.0,48.0,45.0,47.0,8.0,0.0
303.0,0.0,64.0,14.0,43.0,38.0,5.0
263.0,0.0,37.0,45.0,47.0,5.0,3.0
266.0,0.0,55.0,48.0,41.0,12.0,0.0
260.0,0.0,56.0,71.0,16.0,11.0,3.0
289.0,0.0,54.0,26.0,42.0,26.0,5.0
246.0,3.1,43.0,76.0,22.0,2.0,0.0
269.0,5.0,54.0,38.0,53.0,10.0,0.0
276.0,3.6,50.0,24.0,55.0,18.0,3.0
287.0,3.8,41.0,8.0,70.0,23.0,0.0
279.0,5.3,47.0,20.0,51.0,26.0,3.0
275.0,5.2,46.0,23.0,54.0,17.0,6.0
310.0,4.7,62.0,14.0,56.0,28.0,3.0
312.0,4.3,52.0,9.0,55.0,25.0,11.0
284.0,2.7,47.0,23.0,50.0,20.0,7.0
297.0,2.9,51.0,15.0,50.0,26.0,10.0
278.0,4.0,50.0,46.0,39.0,14.0,0.0
323.0,4.2,57.0,3.0,44.0,47.0,6.0
254.0,3.6,42.0,48.0,44.0,7.0,2.0
271.0,2.4,49.0,26.0,62.0,9.0,3.0
295.0,7.5,64.0,17.0,37.0,43.0,3.0
272.0,7.0,60.0,37.0,49.0,14.0,0.0
227.0,2.2,46.0,92.0,8.0,0.0,0.0
274.0,3.9,46.0,36.0,44.0,17.0,3.0
275.0,4.8,48.0,34.0,41.0,18.0,7.0
266.0,5.6,57.0,35.0,41.0,18.0,6.0
253.0,2.9,42.0,59.0,37.0,4.0,0.0
278.0,3.1,55.0,24.0,54.0,18.0,4.0
249.0,2.7,47.0,74.0,23.0,2.0,0.0
287.0,3.8,55.0,17.0,54.0,27.0,2.0
262.0,0.0,55.0,50.0,40.0,10.0,0.0
273.0,0.0,62.0,29.0,50.0,21.0,0.0
264.0,0.0,45.0,61.0,32.0,5.0,2.0
290.0,0.0,52.0,19.0,55.0,23.0,3.0
264.0,0.0,39.0,40.0,43.0,18.0,0.0
269.0,0.0,37.0,28.0,55.0,18.0,0.0
274.0,5.1,48.0,37.0,52.0,10.0,0.0
252.0,0.0,47.0,48.0,38.0,15.0,0.0
258.0,0.0,49.0,71.0,18.0,11.0,0.0
275.0,0.0,48.0,25.0,53.0,22.0,0.0
265.0,0.0,41.0,42.0,48.0,9.0,1.0
298.0,5.3,50.0,6.0,61.0,33.0,0.0
316.0,6.2,61.0,9.0,44.0,41.0,6.0
303.0,6.4,70.0,41.0,24.0,21.0,15.0
328.0,4.1,57.0,6.0,32.0,40.0,22.0
332.0,4.4,66.0,8.0,30.0,34.0,28.0
299.0,2.4,59.0,19.0,61.0,17.0,3.0
309.0,2.2,54.0,15.0,35.0,30.0,21.0
321.0,3.9,57.0,7.0,39.0,43.0,11.0
319.0,2.1,51.0,8.0,36.0,36.0,20.0
297.0,3.7,53.0,36.0,37.0,27.0,1.0
319.0,2.2,55.0,9.0,34.0,54.0,3.0
312.0,1.8,52.0,3.0,47.0,37.0,13.0
317.0,0.0,70.0,29.0,25.0,32.0,14.0
313.0,3.0,67.0,17.0,27.0,37.0,20.0
331.0,0.0,50.0,0.0,46.0,46.0,7.0
274.0,3.7,61.0,36.0,51.0,11.0,1.0
271.0,5.5,57.0,33.0,46.0,15.0,5.0
275.0,4.1,34.0,36.0,52.0,13.0,0.0
287.0,3.7,61.0,19.0,54.0,23.0,4.0
250.0,5.0,52.0,74.0,15.0,8.0,3.0
264.0,3.6,30.0,36.0,55.0,10.0,0.0
286.0,6.5,50.0,25.0,47.0,14.0,14.0
295.0,5.5,47.0,19.0,42.0,28.0,11.0
289.0,8.6,53.0,12.0,69.0,12.0,8.0
263.0,8.8,54.0,69.0,19.0,8.0,4.0
302.0,3.1,54.0,21.0,42.0,23.0,14.0
309.0,4.4,66.0,36.0,28.0,25.0,11.0
296.0,2.1,53.0,19.0,54.0,19.0,9.0
307.0,4.2,59.0,14.0,44.0,36.0,6.0
283.0,8.8,49.0,26.0,39.0,26.0,9.0
299.0,7.700000000000001,46.0,17.0,44.0,35.0,4.0
276.0,6.4,53.0,52.0,29.0,19.0,0.0
295.0,6.0,51.0,10.0,57.0,29.0,5.0
300.0,2.5,57.0,24.0,34.0,30.0,12.0
266.0,2.8,65.0,40.0,33.0,19.0,9.0
317.0,2.4,62.0,8.0,40.0,44.0,7.0
299.0,2.2,57.0,23.0,58.0,16.0,2.0
257.0,2.6,52.0,73.0,20.0,4.0,4.0
297.0,2.5,51.0,12.0,57.0,25.0,6.0
245.0,5.9,38.0,50.0,50.0,0.0,0.0
270.0,5.3,37.0,32.0,50.0,18.0,0.0
275.0,7.9,50.0,25.0,58.0,17.0,0.0
264.0,5.6,39.0,41.0,46.0,14.0,0.0
309.0,5.4,57.0,13.0,46.0,33.0,8.0
287.0,5.4,59.0,51.0,28.0,13.0,8.0
265.0,0.0,55.0,59.0,31.0,7.0,3.0
313.0,1.7,54.0,7.0,48.0,42.0,3.0
288.0,0.0,50.0,22.0,50.0,22.0,6.0
276.0,0.0,56.0,25.0,50.0,16.0,9.0
306.0,1.6,49.0,12.0,62.0,25.0,2.0
296.0,0.0,47.0,7.0,59.0,31.0,3.0
332.0,2.0,59.0,5.000000000000002,35.0,51.0,10.0
312.0,1.9,61.0,14.0,26.0,35.0,25.0
302.0,1.7,63.0,42.0,35.0,14.0,10.0
331.0,1.7,54.0,8.0,23.0,45.0,25.0
312.0,2.1,63.0,16.0,56.0,22.0,5.0
323.0,1.6,60.0,10.0,38.0,36.0,17.0
306.0,7.200000000000001,46.0,12.0,42.0,39.0,6.0
292.0,4.1,50.0,24.0,39.0,36.0,0.0
304.0,8.5,60.0,18.0,42.0,30.0,9.0
279.0,3.7,48.0,49.0,39.0,9.0,3.0
297.0,4.0,53.0,11.0,55.0,34.0,0.0
277.0,4.2,55.0,31.0,59.0,8.0,1.0
303.0,2.4,58.0,14.0,50.0,26.0,10.0
306.0,4.4,53.0,12.0,45.0,30.0,14.0
289.0,2.7,65.0,47.0,33.0,11.0,9.0
304.0,4.8,58.0,16.0,37.0,29.0,19.0
333.0,3.7,57.0,6.0,31.0,53.0,10.0
281.0,1.3999999999999997,57.0,29.0,38.0,21.0,12.0
317.0,2.7,60.0,9.0,46.0,29.0,16.0
271.0,2.4,54.0,59.0,30.0,6.0,4.0
307.0,1.5000000000000002,62.0,19.0,41.0,24.0,16.0
274.0,3.5,54.0,47.0,41.0,10.0,1.0
349.0,3.7,57.0,1.0,28.0,53.0,17.0
301.0,8.1,58.0,22.0,39.0,11.0,28.0
308.0,9.5,69.0,22.0,39.0,17.0,22.0
363.0,4.2,64.0,1.0,41.0,41.0,16.0
310.0,4.5,57.0,30.0,39.0,17.0,13.0
342.0,5.2,66.0,0.0,44.0,35.0,22.0
342.0,2.8,55.0,3.0,27.0,58.0,12.0
302.0,0.8999999999999999,62.0,15.0,46.0,30.0,8.0
293.0,0.3999999999999999,57.0,26.0,37.0,26.0,11.0
281.0,0.3999999999999999,64.0,29.0,42.0,19.0,11.0
325.0,3.2,65.0,11.0,50.0,32.0,7.0
271.0,0.8000000000000003,53.0,62.0,26.0,9.0,3.0
304.0,10.999999999999998,63.0,8.0,50.0,25.0,17.0
300.0,6.4,59.0,28.0,41.0,24.0,7.0
304.0,9.0,55.0,13.0,46.0,25.0,17.0
334.0,6.2,68.0,3.0,35.0,38.0,24.0
312.0,3.8,51.0,8.0,51.0,31.0,10.0
311.0,4.4,58.0,30.0,39.0,23.0,8.0
299.0,6.6,60.0,24.0,31.0,30.0,16.0
307.0,8.4,52.0,7.0,52.0,38.0,2.0
304.0,6.3,58.0,18.0,44.0,25.0,13.0
279.0,8.1,50.0,33.0,52.0,14.0,0.0
280.0,2.7,55.0,27.0,43.0,23.0,7.0
311.0,2.5,57.0,9.0,47.0,34.0,11.0
291.0,2.8,64.0,46.0,31.0,12.0,11.0
327.0,5.9,65.0,8.0,36.0,47.0,9.0
290.0,2.6,56.0,24.0,43.0,23.0,10.0
282.0,5.1,60.0,32.0,55.0,12.0,1.0
309.0,0.0,65.0,20.0,32.0,35.0,14.0
279.0,3.3,65.0,57.0,26.0,10.0,7.0
298.0,2.9,58.0,11.0,59.0,20.0,9.0
322.0,0.0,54.0,8.0,30.0,39.0,23.0
301.0,7.300000000000001,51.0,13.0,33.0,44.0,9.0
297.0,5.9,42.0,20.0,36.0,33.0,11.0
255.0,5.0,53.0,73.0,21.0,2.0,4.0
264.0,5.0,54.0,33.0,60.0,4.0,4.0
303.0,1.5000000000000002,60.0,17.0,47.0,24.0,12.0
269.0,1.3000000000000003,51.0,59.0,29.0,11.0,1.0
297.0,1.9,56.0,15.0,47.0,27.0,11.0
292.0,1.6,46.0,22.0,42.0,27.0,10.0
316.0,4.6,70.0,17.0,53.0,21.0,9.0
339.0,3.2,49.0,0.0,33.0,62.0,5.0
298.0,1.1999999999999997,52.0,17.0,42.0,31.0,11.0
303.0,4.7,58.0,12.0,42.0,45.0,2.0
283.0,1.1999999999999997,53.0,25.0,45.0,22.0,8.0
270.0,4.2,52.0,42.0,50.0,8.0,0.0
307.0,2.3,57.0,14.0,43.0,36.0,7.0
268.0,2.2,56.0,56.0,35.0,7.0,2.0
284.0,6.4,57.0,52.0,27.0,15.0,6.0
285.0,4.1,42.0,24.0,42.0,32.0,3.0
310.0,7.6,68.0,18.0,36.0,27.0,18.0
294.0,3.8,54.0,21.0,66.0,13.0,0.0
294.0,3.5,49.0,8.0,55.0,37.0,0.0
293.0,5.3,54.0,21.0,47.0,21.0,11.0
334.0,0.0,57.0,2.0,34.0,32.0,32.0
344.0,0.0,61.0,8.0,24.0,48.0,20.0
344.0,0.0,52.0,6.0,20.0,38.0,36.0
329.0,0.0,73.0,20.0,44.0,16.0,20.0
361.0,7.0,74.0,11.0,14.0,36.0,39.0
362.0,0.0,64.0,3.0,23.0,36.0,39.0
336.0,0.0,65.0,8.0,28.0,53.0,11.0
342.0,6.4,66.0,4.0,32.0,18.0,46.0
322.0,0.0,69.0,19.0,42.0,19.0,19.0
324.0,0.0,75.0,22.0,42.0,33.0,3.0
355.0,12.7,61.0,0.0,44.0,44.0,11.0
379.0,0.0,58.0,0.0,15.0,39.0,46.0
344.0,8.9,43.0,0.0,11.0,89.0,0.0
339.0,0.0,83.0,25.0,13.0,25.0,38.0
305.0,0.0,47.0,23.0,39.0,39.0,0.0
321.0,0.0,93.0,25.0,13.0,50.0,13.0
351.0,5.5,76.0,8.0,14.0,35.0,43.0
332.0,4.6,63.0,14.0,24.0,32.0,30.0
348.0,3.7,50.0,0.0,27.0,65.0,8.0
310.0,6.0,80.0,44.0,22.0,11.0,22.0
321.0,4.3,58.0,12.0,54.0,27.0,8.0
330.0,4.9,65.0,6.0,42.0,31.0,22.0
357.0,0.0,59.0,2.0,19.0,23.0,55.0
369.0,0.0,56.0,0.0,20.0,40.0,40.0
340.0,0.0,64.0,18.0,20.0,40.0,23.0
377.0,0.0,58.0,2.0,9.0,28.0,62.0
373.0,4.8,73.0,5.000000000000002,29.0,45.0,21.0
376.0,3.8,58.0,0.0,17.0,59.0,24.0
341.0,7.700000000000001,72.0,17.0,33.0,28.0,22.0
357.0,8.4,45.0,0.0,10.0,50.0,40.0
342.0,4.5,56.0,0.0,29.0,58.0,13.0
374.0,5.8,54.0,0.0,22.0,39.0,39.0
333.0,10.799999999999999,58.0,0.0,30.0,40.0,30.0
320.0,5.7,71.0,17.0,46.0,29.0,8.0
352.0,4.4,56.0,5.000000000000002,18.0,52.0,25.0
359.0,4.0,57.0,2.0,16.0,29.0,53.0
365.0,5.1,67.0,5.000000000000002,41.0,38.0,17.0
348.0,4.7,63.0,5.000000000000002,29.0,52.0,14.0
360.0,3.9,56.0,4.0,14.0,35.0,47.0
353.0,5.1,65.0,9.0,32.0,25.0,34.0
380.0,2.5,76.0,3.0,33.0,41.0,23.0
400.0,2.6,70.0,3.0,2.0,20.0,75.0
369.0,2.0,59.0,2.0,16.0,58.0,24.0
354.0,1.6,72.0,14.0,26.0,23.0,37.0
384.0,2.1,57.0,1.0,10.0,22.0,67.0
368.0,1.5000000000000002,65.0,5.000000000000002,17.0,35.0,43.0
367.0,4.0,71.0,3.0,21.0,36.0,39.0
332.0,2.0,58.0,8.0,27.0,35.0,31.0
338.0,4.2,74.0,24.0,27.0,9.0,39.0
350.0,0.0,73.0,4.0,29.0,50.0,17.0
324.0,0.0,58.0,13.0,50.0,33.0,4.0
321.0,2.4,70.0,14.0,27.0,25.0,35.0
355.0,0.0,59.0,5.000000000000002,14.0,67.0,14.0
315.0,0.0,67.0,33.0,27.0,23.0,17.0
321.0,0.0,67.0,16.0,51.0,28.0,5.0
371.0,0.0,59.0,0.0,13.0,26.0,60.99999999999999
365.0,0.0,55.0,0.0,22.0,35.0,44.0
338.0,0.0,74.0,10.0,27.0,30.0,33.0
353.0,0.0,56.0,0.0,27.0,57.0,16.0
337.0,3.2,78.0,24.0,22.0,24.0,30.0
372.0,1.1999999999999997,66.0,3.0,11.0,26.0,60.0
362.0,2.4,59.0,4.0,20.0,39.0,37.0
366.0,0.0,67.0,3.0,40.0,39.0,19.0
372.0,1.1,60.0,3.0,12.0,31.0,54.0
431.0,0.0,44.0,0.0,0.0,29.0,71.0
440.0,4.0,49.0,0.0,0.0,8.0,92.0
436.0,4.7,57.0,0.0,0.0,8.0,92.0
438.0,0.0,62.0,0.0,6.0,35.0,60.0
438.0,3.0,63.0,0.0,3.0,14.0,83.0
444.0,2.5,53.0,0.0,3.0,9.0,89.0
330.0,3.6,72.0,13.0,26.0,33.0,28.0
284.0,3.9,72.0,44.0,36.0,14.0,6.0
306.0,3.4,63.0,14.0,36.0,47.0,3.0
329.0,5.6,61.0,10.0,38.0,31.0,21.0
328.0,3.4,69.0,10.0,26.0,31.0,33.0
299.0,5.3,57.0,38.0,41.0,14.0,7.0
338.0,2.9,62.0,7.0,26.0,28.0,40.0
344.0,1.9,64.0,6.0,24.0,45.0,24.0
295.0,1.7,59.0,39.0,43.0,9.0,10.0
357.0,3.0,64.0,5.000000000000002,19.0,28.0,48.0
336.0,2.9,80.0,17.0,39.0,29.0,16.0
346.0,2.3,63.0,3.0,29.0,54.0,15.0
326.3,4.28,71.5,0.0,2.0,3.0,0.0
327.2,4.04,72.2,0.0,0.0,0.0,1.0
285.0,0.0,88.0,60.0,10.0,10.0,20.0
325.4,4.51,71.1,0.0,0.0,1.0,0.0
327.1,5.49,71.8,0.0,1.0,4.0,0.0
332.0,0.0,69.0,20.0,20.0,40.0,20.0
329.0,11.6,77.0,18.0,18.0,36.0,27.0
301.0,0.0,64.0,50.0,21.0,21.0,7.0
317.0,16.6,102.0,24.0,47.0,24.0,6.0
330.0,10.3,63.0,6.0,29.0,59.0,6.0
324.0,0.0,93.0,14.0,50.0,14.0,21.0
300.0,8.2,54.0,27.0,27.0,36.0,9.0
433.0,1.5000000000000002,58.0,0.0,4.0,16.0,80.0
431.0,1.6,63.0,1.0,5.0,9.0,84.0
465.0,3.1,75.0,0.0,6.0,22.0,72.0
421.0,1.7,66.0,1.0,3.0,30.0,66.0
423.0,1.9,45.0,0.0,2.0,45.0,54.0
409.0,1.9,73.0,1.0,7.0,18.0,74.0
319.0,1.1,67.0,14.0,52.0,28.0,6.0
352.0,1.6,70.0,6.0,24.0,31.0,39.0
356.0,0.8999999999999999,55.0,2.0,20.0,64.0,15.0
327.0,1.3999999999999997,63.0,8.0,29.0,32.0,31.0
370.0,1.0,67.0,3.0,22.0,31.0,44.0
338.0,1.1,74.0,21.0,28.0,23.0,27.0
368.0,4.5,65.0,3.0,18.0,52.0,27.0
338.0,2.6,67.0,14.0,37.0,30.0,19.0
348.0,4.7,68.0,6.0,44.0,39.0,11.0
339.0,2.2,57.0,3.0,36.0,39.0,23.0
337.0,2.2,52.0,5.000000000000002,29.0,32.0,34.0
323.0,2.4,58.0,6.0,31.0,42.0,22.0
398.0,1.3999999999999997,69.0,2.0,8.0,17.0,74.0
402.0,1.3000000000000003,61.0,2.0,4.0,17.0,77.0
398.0,1.7,48.0,0.0,3.0,62.0,36.0
436.0,2.5,69.0,0.0,8.0,38.0,54.0
385.0,0.0,81.0,10.0,22.0,17.0,51.0
390.0,0.0,68.0,1.0,16.0,25.0,58.0
351.0,0.0,63.0,2.0,30.0,53.0,16.0
331.0,2.9,59.0,6.0,31.0,39.0,24.0
336.0,1.6,60.0,4.0,41.0,31.0,24.0
311.0,2.7,55.0,14.0,40.0,27.0,19.0
301.0,1.6,59.0,37.0,34.0,23.0,7.0
346.0,0.0,68.0,5.000000000000002,48.0,34.0,13.0
348.0,1.3000000000000003,71.0,6.0,29.0,31.0,34.0
336.0,2.0,67.0,9.0,51.0,30.0,10.0
372.0,1.6,55.0,1.0,15.0,61.0,24.0
354.0,1.3999999999999997,64.0,6.0,17.0,31.0,46.0
338.0,1.3999999999999997,67.0,10.0,17.0,29.0,44.0
328.0,1.3999999999999997,73.0,28.0,28.0,22.0,23.0
354.0,6.1,44.0,4.0,30.0,35.0,30.0
385.0,0.0,57.0,0.0,13.0,19.0,69.0
370.0,0.0,48.0,0.0,13.0,25.0,63.0
370.0,9.9,71.0,9.0,17.0,26.0,48.0
377.0,8.3,54.0,0.0,12.0,59.0,29.0
368.0,11.9,77.0,6.0,41.0,29.0,24.0
360.0,0.0,50.0,2.0,14.0,70.0,14.0
313.0,2.0,66.0,37.0,32.0,14.0,18.0
304.0,4.2,50.0,11.0,50.0,29.0,11.0
337.0,0.0,65.0,11.0,46.0,32.0,11.0
356.0,1.5000000000000002,51.0,2.0,19.0,54.0,25.0
346.0,4.6,54.0,5.000000000000002,18.0,42.0,34.0
356.0,1.5000000000000002,54.0,1.0,21.0,61.0,18.0
340.0,2.7,69.0,10.0,24.0,42.0,25.0
343.0,3.8,50.0,4.0,18.0,45.0,33.0
345.0,1.9,68.0,8.0,43.0,34.0,14.0
340.0,2.8,70.0,20.0,25.0,29.0,26.0
327.0,4.5,59.0,10.0,26.0,34.0,30.0
418.0,1.9,43.0,0.0,2.0,44.0,54.0
412.0,1.1999999999999997,55.0,1.0,3.0,14.0,82.0
400.0,3.0,90.0,10.0,15.0,12.0,62.0
395.0,2.7,81.0,3.0,16.0,26.0,56.0
404.0,1.3999999999999997,63.0,1.0,3.0,16.0,80.0
433.0,3.5,77.0,1.0,13.0,35.0,52.0
313.0,2.8,73.0,28.0,36.0,23.0,13.0
324.0,5.2,75.0,16.0,26.0,21.0,37.0
382.0,0.0,56.0,0.0,8.0,58.0,33.0
371.0,0.0,75.0,3.0,39.0,31.0,28.0
356.0,4.4,63.0,8.0,16.0,29.0,47.0
359.0,2.3,60.0,0.0,28.0,43.0,30.0
296.0,1.5000000000000002,64.0,48.0,26.0,16.0,11.0
340.0,1.3000000000000003,57.0,6.0,25.0,31.0,38.0
336.0,1.7,63.0,7.0,53.0,33.0,7.0
344.0,1.5000000000000002,55.0,4.0,24.0,60.0,13.0
327.0,1.3000000000000003,56.0,5.000000000000002,45.0,27.0,23.0
321.0,1.3000000000000003,59.0,9.0,29.0,39.0,23.0
329.0,3.6,65.0,21.0,41.0,18.0,21.0
339.0,0.0,86.0,22.0,30.0,33.0,15.0
342.0,7.4,60.0,8.0,15.0,46.0,31.0
326.0,0.0,54.0,4.0,37.0,56.0,4.0
348.0,8.6,69.0,4.0,23.0,31.0,42.0
358.0,3.0,54.0,0.0,24.0,53.0,24.0
381.0,5.2,72.0,4.0,26.0,44.0,26.0
339.0,8.5,70.0,21.0,35.0,18.0,27.0
349.0,0.0,49.0,0.0,22.0,44.0,33.0
369.0,7.0,58.0,3.0,18.0,41.0,38.0
394.0,3.8,53.0,0.0,4.0,59.0,37.0
322.0,0.0,65.0,7.0,30.0,33.0,30.0
385.0,0.0,59.0,0.0,14.0,24.0,62.0
432.0,2.1,61.0,0.0,7.0,42.0,51.0
395.0,2.0,63.0,2.0,13.0,27.0,59.0
413.0,1.6,47.0,0.0,2.0,46.0,53.0
384.0,0.0,66.0,0.0,8.0,23.0,69.0
365.0,2.0,64.0,6.0,24.0,30.0,40.0
422.0,3.8,59.0,2.0,2.0,12.0,83.0
419.0,5.1,79.0,5.000000000000002,5.0,19.0,71.0
483.0,11.199999999999998,66.0,0.0,5.0,5.0,91.0
415.0,7.300000000000001,43.0,0.0,5.0,38.0,57.0
378.0,0.0,74.0,4.0,14.0,19.0,63.0
393.0,0.0,70.0,4.0,5.0,23.0,68.0
293.0,25.5,73.0,43.0,29.0,0.0,29.0
318.0,0.0,79.0,24.0,29.0,24.0,24.0
336.0,0.0,65.0,9.0,55.0,27.0,9.0
297.0,17.5,50.0,29.0,14.0,57.0,0.0
309.0,0.0,71.0,33.0,33.0,19.0,14.0
322.0,0.0,48.0,0.0,46.0,46.0,9.0
323.0,3.0,60.0,11.0,26.0,36.0,27.0
357.0,3.0,64.0,9.0,17.0,41.0,34.0
358.0,6.8,79.0,2.0,50.0,23.0,25.0
340.0,3.8,83.0,24.0,25.0,25.0,25.0
330.0,3.4,68.0,14.0,29.0,29.0,29.0
354.0,4.6,54.0,2.0,23.0,61.0,14.0
364.0,2.6,50.0,2.0,11.0,72.0,15.0
334.0,2.3,58.0,5.000000000000002,23.0,41.0,32.0
347.0,2.8,70.0,8.0,14.0,37.0,41.0
309.0,3.0,59.0,36.0,38.0,17.0,10.0
336.0,3.1,61.0,13.0,45.0,30.0,11.0
329.0,3.4,67.0,11.0,29.0,38.0,23.0
355.0,3.7,58.0,2.0,24.0,59.0,15.0
291.0,2.2,54.0,40.0,39.0,17.0,5.0
310.0,0.0,55.0,15.0,35.0,24.0,26.0
331.0,0.0,63.0,12.0,27.0,34.0,28.0
309.0,2.2,55.0,8.0,51.0,34.0,7.0
311.0,3.6,56.0,17.0,58.0,24.0,2.0
320.0,2.9,70.0,18.0,51.0,22.0,9.0
320.0,1.8,58.0,10.0,30.0,30.0,30.0
304.0,1.1,61.0,34.0,40.0,14.0,13.0
323.0,1.7,55.0,9.0,33.0,38.0,20.0
333.0,2.4,59.0,7.0,27.0,57.0,9.0
322.0,1.1,62.0,9.0,39.0,38.0,13.0
363.0,0.0,68.0,8.0,29.0,24.0,39.0
386.0,0.0,60.0,0.0,14.0,29.0,57.0
389.0,0.0,62.0,2.0,5.0,59.0,34.0
335.0,0.0,65.0,10.0,20.0,35.0,35.0
355.0,0.0,67.0,6.0,18.0,37.0,39.0
360.0,0.0,77.0,7.0,34.0,39.0,20.0
393.0,0.0,50.0,0.0,5.0,56.0,39.0
362.0,2.9,67.0,0.0,30.0,32.0,38.0
392.0,0.0,62.0,2.0,14.0,58.0,27.0
344.0,2.2,66.0,7.0,21.0,29.0,43.0
340.0,2.7,63.0,16.0,32.0,30.0,22.0
346.0,2.2,64.0,6.0,28.0,28.0,38.0
388.0,1.1,61.0,1.0,7.0,41.0,51.0
355.0,1.8,61.0,6.0,13.0,27.0,54.0
379.0,0.0,58.0,0.0,28.0,48.0,24.0
382.0,1.6,55.0,1.0,10.0,26.0,64.0
389.0,0.0,51.0,0.0,8.0,60.0,32.0
352.0,1.1999999999999997,64.0,12.0,32.0,21.0,34.0
354.0,6.4,54.0,0.0,19.0,69.0,13.0
315.0,4.5,54.0,28.0,25.0,41.0,6.0
345.0,3.9,53.0,0.0,15.0,50.0,35.0
370.0,4.5,61.0,0.0,15.0,39.0,46.0
329.0,6.4,53.0,13.0,50.0,31.0,6.0
361.0,4.2,50.0,0.0,13.0,53.0,34.0
426.0,1.0,45.0,0.0,1.0,41.0,58.0
424.0,2.7,56.0,0.0,4.0,17.0,80.0
398.0,5.2,64.0,4.0,8.0,33.0,56.0
433.0,1.3000000000000003,63.0,0.0,8.0,37.0,55.0
408.0,3.3,67.0,0.0,6.0,18.0,76.0
412.0,4.5,56.0,0.0,8.0,21.0,71.0
346.0,1.5000000000000002,56.0,4.0,23.0,24.0,49.0
361.0,1.7,65.0,5.000000000000002,16.0,33.0,45.0
378.0,0.0,59.0,0.0,16.0,57.0,28.0
374.0,0.0,66.0,1.0,32.0,36.0,30.0
344.0,0.0,64.0,3.0,34.0,34.0,29.0
309.0,0.0,61.0,29.0,37.0,23.0,11.0
293.0,8.1,68.0,31.0,44.0,19.0,6.0
261.0,9.4,47.0,69.0,23.0,8.0,0.0
340.0,6.1,51.0,0.0,25.0,69.0,6.0
347.0,23.4,84.0,11.0,22.0,33.0,33.0
320.0,25.5,92.0,22.0,33.0,11.0,33.0
312.0,10.999999999999998,56.0,8.0,46.0,31.0,15.0
376.0,2.6,50.0,0.0,14.0,60.0,27.0
377.0,3.4,59.0,0.0,18.0,39.0,43.0
344.0,0.0,66.0,12.0,20.0,29.0,39.0
324.0,4.0,70.0,25.0,36.0,21.0,18.0
328.0,0.0,64.0,13.0,25.0,25.0,38.0
336.0,3.6,70.0,8.0,54.0,31.0,8.0
384.0,0.0,55.0,2.0,9.0,38.0,52.0
413.0,3.8,70.0,0.0,13.0,48.0,39.0
372.0,0.0,54.0,2.0,7.0,40.0,50.0
366.0,0.0,61.0,3.0,10.0,30.0,57.0
405.0,2.4,44.0,0.0,2.0,51.0,48.0
365.0,0.0,69.0,7.0,21.0,32.0,39.0
362.0,4.9,64.0,0.0,24.0,60.0,16.0
360.0,5.0,65.0,0.0,52.0,28.0,20.0
349.0,0.0,67.0,2.0,21.0,36.0,40.0
387.0,3.3,56.0,0.0,7.0,64.0,29.0
388.0,4.0,67.0,0.0,25.0,46.0,29.0
368.0,0.0,66.0,4.0,13.0,32.0,51.0
358.0,2.2,63.0,5.000000000000002,18.0,41.0,36.0
352.0,2.4,69.0,13.0,27.0,32.0,29.0
335.0,2.1,47.0,0.0,30.0,32.0,39.0
312.0,3.1,56.0,31.0,35.0,20.0,14.0
342.0,5.1,59.0,3.0,48.0,39.0,10.0
360.0,2.4,55.0,2.0,11.0,48.0,39.0
372.0,5.7,65.0,3.0,23.0,55.0,19.0
342.0,3.8,69.0,12.0,20.0,39.0,29.0
382.0,0.0,87.0,17.0,0.0,17.0,67.0
323.0,5.5,58.0,5.000000000000002,40.0,45.0,10.0
362.0,15.9,63.0,0.0,30.0,30.0,40.0
363.0,5.2,54.0,5.000000000000002,35.0,45.0,15.0
447.0,0.0,73.0,0.0,0.0,0.0,100.0
438.0,18.4,73.0,0.0,0.0,30.0,70.0
372.0,3.6,45.0,0.0,8.0,79.0,13.0
378.0,4.2,53.0,0.0,25.0,50.0,25.0
363.0,2.8,59.0,7.0,27.0,29.0,37.0
364.0,2.9,52.0,3.0,6.0,29.0,62.0
402.0,2.8,60.0,0.0,7.0,32.0,60.99999999999999
392.0,2.9,51.0,0.0,6.0,18.0,77.0
382.0,1.8,72.0,7.0,24.0,20.0,50.0
412.0,1.3999999999999997,71.0,1.0,14.0,46.0,39.0
404.0,1.1,52.0,0.0,7.0,49.0,44.0
383.0,1.7,61.0,1.0,13.0,24.0,63.0
388.0,1.9,73.0,2.0,15.0,31.0,51.0
376.0,1.9,67.0,3.0,11.0,26.0,60.99999999999999
361.0,0.0,69.0,7.0,14.0,38.0,41.0
372.0,0.0,60.0,0.0,14.0,71.0,14.0
350.0,2.7,44.0,0.0,23.0,39.0,39.0
337.0,2.2,36.0,0.0,19.0,45.0,36.0
360.0,0.0,73.0,0.0,50.0,32.0,18.0
334.0,0.0,64.0,21.0,36.0,19.0,24.0
314.0,11.6,62.0,0.0,80.0,10.0,10.0
360.0,10.1,74.0,7.0,21.0,36.0,36.0
328.9,5.02,72.9,0.0,0.0,0.0,3.0
328.9,5.02,72.9,0.0,0.0,0.0,3.0
354.0,10.0,74.0,14.0,29.0,21.0,36.0
347.0,8.5,45.0,0.0,40.0,40.0,20.0
313.0,3.6,61.0,28.0,37.0,17.0,17.0
365.0,0.0,66.0,0.0,30.0,48.0,22.0
343.0,0.0,60.0,6.0,6.0,53.0,35.0
356.0,3.4,58.0,0.0,35.0,24.0,41.0
382.0,0.0,51.0,0.0,9.0,27.0,65.0
337.0,0.0,60.0,0.0,63.0,30.0,7.0
356.0,0.0,87.0,10.0,35.0,30.0,25.0
363.0,0.0,59.0,0.0,20.0,60.0,20.0
328.9,5.02,72.9,0.0,0.0,0.0,4.0
413.0,0.0,62.0,0.0,10.0,20.0,70.0
395.0,0.0,76.0,0.0,10.0,60.0,30.0
327.1,5.489999999999999,71.8,0.0,0.0,1.0,3.0
315.0,6.5,57.0,18.0,25.0,32.0,25.0
304.0,4.8,42.0,11.0,43.0,36.0,11.0
335.0,11.5,58.0,8.0,31.0,46.0,15.0
325.0,8.8,44.0,8.0,54.0,31.0,8.0
294.0,0.0,79.0,31.0,63.0,0.0,6.0
263.0,0.0,51.0,57.0,38.0,5.0,0.0
314.0,0.0,51.0,0.0,38.0,63.0,0.0
320.0,5.5,41.0,7.0,29.0,50.0,14.0
298.0,0.0,71.0,24.0,43.0,19.0,14.0
303.0,7.300000000000001,54.0,14.0,43.0,29.0,14.0
398.0,2.4,68.0,2.0,9.0,26.0,64.0
452.0,5.3,61.0,0.0,3.0,27.0,70.0
417.0,4.4,51.0,0.0,2.0,48.0,50.0
411.0,2.3,59.0,1.0,4.0,13.0,81.0
388.0,2.2,63.0,4.0,18.0,22.0,56.0
404.0,2.7,68.0,0.0,7.0,15.0,78.0
386.0,0.0,55.0,0.0,7.0,53.0,40.0
391.0,0.0,63.0,8.0,0.0,17.0,75.0
383.0,0.0,70.0,0.0,27.0,47.0,27.0
344.0,4.9,38.0,0.0,36.0,57.0,7.0
393.0,6.7,51.0,0.0,7.0,29.0,64.0
356.0,0.0,49.0,0.0,8.0,42.0,50.0
366.0,0.0,59.0,3.0,20.0,25.0,53.0
335.0,4.3,58.0,8.0,46.0,19.0,27.0
366.0,3.6,49.0,0.0,12.0,46.0,42.0
353.0,3.9,63.0,3.0,39.0,48.0,10.0
328.0,0.0,62.0,10.0,30.0,28.0,33.0
359.0,2.8,44.0,0.0,10.0,77.0,13.0
401.0,6.1,49.0,0.0,9.0,46.0,46.0
450.0,6.8,55.0,0.0,0.0,36.0,64.0
382.0,3.7,66.0,2.0,16.0,31.0,51.0
397.0,4.9,88.0,8.0,18.0,18.0,55.0
372.0,6.6,65.0,4.0,8.0,31.0,58.0
394.0,6.6,64.0,0.0,8.0,27.0,65.0
372.0,1.6,55.0,0.0,18.0,59.0,23.0
333.0,0.0,60.0,19.0,35.0,26.0,21.0
367.0,0.0,61.0,3.0,19.0,39.0,39.0
352.0,3.4,71.0,10.0,18.0,31.0,41.0
317.0,2.9,60.0,15.0,27.0,32.0,26.0
326.0,1.5000000000000002,52.0,6.0,59.0,31.0,4.0
341.0,0.0,105.0,13.0,38.0,13.0,38.0
323.0,0.0,73.0,9.0,64.0,18.0,9.0
359.0,0.0,63.0,0.0,25.0,38.0,38.0
327.0,16.3,75.0,13.0,63.0,13.0,13.0
361.0,7.0,32.0,0.0,13.0,75.0,13.0
312.0,0.0,71.0,18.0,46.0,27.0,9.0
329.0,9.3,69.0,22.0,11.0,30.0,37.0
360.0,0.0,53.0,3.0,17.0,66.0,14.0
326.0,8.3,61.0,15.0,15.0,48.0,22.0
344.0,0.0,68.0,7.0,52.0,35.0,7.0
271.0,0.0,47.0,67.0,22.0,7.0,4.0
296.0,0.0,40.0,7.0,59.0,33.0,0.0
331.0,0.0,56.0,21.0,25.0,38.0,17.0
325.0,6.1,65.0,4.0,43.0,46.0,7.0
329.0,5.3,57.0,11.0,50.0,36.0,4.0
325.0,0.0,50.0,4.0,38.0,46.0,13.0
356.0,0.0,64.0,4.0,18.0,29.0,50.0
362.0,0.0,51.0,4.0,7.0,43.0,46.0
436.0,0.0,39.0,0.0,0.0,31.0,69.0
496.0,0.0,50.0,0.0,0.0,6.0,94.0
413.0,0.0,70.0,0.0,7.0,17.0,76.0
425.0,1.5000000000000002,59.0,0.0,1.0,25.0,74.0
414.0,0.0,57.0,0.0,6.0,14.0,80.0
419.0,1.6,61.0,1.0,8.0,16.0,75.0
363.0,1.6,56.0,0.0,19.0,58.0,23.0
337.0,0.0,63.0,16.0,38.0,22.0,24.0
351.0,0.0,67.0,5.000000000000002,29.0,27.0,40.0
358.0,2.4,71.0,9.0,12.0,36.0,43.0
351.0,2.2,64.0,5.000000000000002,13.0,38.0,43.0
355.0,2.0,70.0,8.0,41.0,33.0,19.0
324.0,0.0,84.0,11.0,61.0,18.0,11.0
344.0,0.0,60.0,4.0,25.0,57.0,14.0
303.0,1.8,69.0,40.0,33.0,15.0,13.0
356.0,3.6,63.0,4.0,24.0,54.0,18.0
323.0,4.4,79.0,18.0,46.0,28.0,8.0
344.0,1.5000000000000002,68.0,9.0,26.0,26.0,40.0
323.0,2.0,73.0,12.0,42.0,27.0,19.0
326.0,1.3000000000000003,60.0,10.0,28.0,34.0,29.0
346.0,0.0,67.0,0.0,50.0,25.0,25.0
314.0,5.0,42.0,6.0,38.0,38.0,19.0
321.0,6.1,51.0,0.0,50.0,38.0,13.0
312.0,0.0,67.0,15.0,46.0,21.0,18.0
336.0,0.0,53.0,0.0,44.0,38.0,19.0
283.0,0.0,60.0,58.0,27.0,9.0,6.0
301.0,5.7,58.0,27.0,30.0,21.0,21.0
343.0,5.6,57.0,9.0,15.0,36.0,39.0
277.0,4.1,59.0,57.0,28.0,11.0,4.0
316.0,4.8,69.0,13.0,45.0,19.0,23.0
290.0,0.0,52.0,42.0,42.0,10.0,7.0
337.0,0.0,56.0,3.0,31.0,39.0,28.0
317.0,0.0,46.0,11.0,25.0,47.0,17.0
268.0,0.0,47.0,24.0,63.0,10.0,2.0
286.0,2.2,56.0,28.0,34.0,23.0,15.0
302.0,1.9,59.0,17.0,59.0,20.0,4.0
309.0,3.1,71.0,19.0,37.0,24.0,20.0
315.0,2.3,58.0,17.0,36.0,29.0,18.0
290.0,2.7,63.0,50.0,23.0,17.0,10.0
316.0,2.1,63.0,11.0,40.0,44.0,6.0
331.0,1.1,62.0,13.0,17.0,42.0,28.0
344.0,2.8,58.0,2.0,27.0,59.0,13.0
327.0,0.0,64.0,22.0,37.0,22.0,20.0
356.0,3.4,70.0,5.000000000000002,41.0,38.0,16.0
313.0,1.0,57.0,14.0,26.0,43.0,17.0
347.0,0.0,62.0,6.0,25.0,39.0,30.0
324.0,28.4,56.0,14.0,14.0,57.0,14.0
349.0,22.0,67.0,0.0,44.0,22.0,33.0
362.0,36.1,72.0,0.0,43.0,29.0,29.0
366.0,31.900000000000002,98.0,0.0,44.0,11.0,44.0
325.0,14.5,75.0,5.000000000000002,55.0,30.0,10.0
335.0,13.2,69.0,5.000000000000002,55.0,30.0,10.0
345.0,7.800000000000001,73.0,4.0,21.0,42.0,33.0
331.0,8.2,77.0,13.0,33.0,25.0,29.0
335.0,0.0,59.0,0.0,45.0,41.0,14.0
377.0,0.0,61.0,0.0,40.0,40.0,20.0
387.0,0.0,51.0,0.0,10.0,40.0,50.0
305.0,0.0,57.0,35.0,38.0,17.0,10.0
339.0,0.0,53.0,0.0,27.0,73.0,0.0
373.0,5.4,36.0,0.0,0.0,40.0,60.0
329.0,0.0,93.0,27.0,36.0,18.0,18.0
384.0,9.3,63.0,0.0,10.0,20.0,70.0
304.0,0.0,57.0,30.0,30.0,30.0,10.0
313.0,0.0,46.0,10.0,40.0,50.0,0.0
294.0,0.0,49.0,20.0,60.0,20.0,0.0
323.0,0.0,37.0,0.0,20.0,80.0,0.0
319.0,4.5,57.0,24.0,38.0,24.0,15.0
323.0,0.0,55.0,14.0,30.0,38.0,19.0
359.0,6.2,60.0,6.0,17.0,56.0,22.0
369.0,6.4,62.0,0.0,33.0,56.0,11.0
320.0,4.5,57.0,6.0,50.0,27.0,18.0
311.0,0.0,55.0,11.0,35.0,30.0,24.0
312.0,12.7,57.0,9.0,36.0,27.0,27.0
283.0,0.0,43.0,13.0,75.0,13.0,0.0
301.0,0.0,55.0,22.0,33.0,44.0,0.0
306.0,14.4,65.0,18.0,36.0,36.0,9.0
324.0,0.0,54.0,0.0,63.0,38.0,0.0
325.0,0.0,41.0,0.0,33.0,56.0,11.0
259.0,17.8,60.0,40.0,50.0,10.0,0.0
311.0,23.2,78.0,10.0,40.0,40.0,10.0
294.0,1.8,51.0,21.0,42.0,28.0,9.0
277.0,2.3,56.0,57.0,30.0,8.0,5.0
332.0,0.0,57.0,7.0,31.0,55.0,7.0
293.0,2.4,59.0,17.0,54.0,21.0,8.0
305.0,0.0,60.0,27.0,49.0,22.0,3.0
282.0,1.7,49.0,27.0,46.0,21.0,7.0
305.0,5.2,53.0,14.0,44.0,33.0,9.0
308.0,12.8,72.0,30.0,33.0,33.0,3.0
291.0,7.300000000000001,62.0,19.0,54.0,22.0,5.0
301.0,9.4,54.0,15.0,46.0,36.0,3.0
295.0,4.7,49.0,16.0,45.0,30.0,9.0
292.0,6.6,57.0,42.0,41.0,10.0,7.0
359.0,2.8,53.0,2.0,12.0,75.0,12.0
342.0,3.2,66.0,20.0,23.0,30.0,27.0
354.0,2.9,60.0,4.0,25.0,39.0,32.0
345.0,3.0,57.0,8.0,43.0,39.0,10.0
327.0,3.6,59.0,13.0,25.0,36.0,26.0
294.0,4.6,74.0,21.0,34.0,26.0,19.0
365.0,7.0,45.0,0.0,0.0,58.0,42.0
353.0,8.0,51.0,0.0,8.0,58.0,33.0
334.0,0.0,76.0,33.0,8.0,17.0,42.0
352.0,0.0,72.0,17.0,8.0,50.0,25.0
368.0,9.5,56.0,0.0,9.0,55.0,36.0
349.0,11.199999999999998,65.0,0.0,27.0,27.0,46.0
351.0,10.6,61.0,7.0,20.0,60.0,13.0
344.0,16.4,91.0,12.0,35.0,18.0,35.0
344.0,14.9,86.0,13.0,47.0,20.0,20.0
336.0,13.5,76.0,24.0,18.0,29.0,29.0
346.0,5.9,54.0,3.0,15.0,46.0,36.0
305.0,4.7,62.0,29.0,29.0,29.0,13.0
364.0,4.4,55.0,0.0,17.0,67.0,17.0
333.0,5.4,68.0,4.0,58.0,25.0,13.0
340.0,3.8,50.0,4.0,21.0,58.0,17.0
342.0,6.4,59.0,0.0,33.0,24.0,42.0
312.0,16.0,56.0,11.0,56.0,33.0,0.0
345.0,10.799999999999999,69.0,18.0,18.0,46.0,18.0
365.0,20.1,66.0,0.0,17.0,33.0,50.0
290.0,22.9,76.0,33.0,50.0,0.0,17.0
350.0,11.099999999999998,71.0,9.0,27.0,27.0,36.0
323.0,13.6,48.0,0.0,56.0,44.0,0.0
298.0,2.1,79.0,42.0,25.0,17.0,15.0
332.0,1.3999999999999997,65.0,10.0,25.0,42.0,22.0
314.0,1.9,51.0,9.0,36.0,39.0,16.0
315.0,2.1,59.0,12.0,33.0,36.0,19.0
365.0,0.0,69.0,6.0,18.0,35.0,41.0
330.0,0.0,63.0,18.0,35.0,29.0,18.0
317.0,0.0,63.0,8.0,46.0,15.0,31.0
342.0,0.0,40.0,0.0,23.0,54.0,23.0
320.0,7.9,66.0,31.0,25.0,38.0,6.0
340.0,5.7,48.0,0.0,31.0,63.0,6.0
298.0,2.2,57.0,16.0,50.0,27.0,7.0
275.0,2.0,54.0,32.0,44.0,17.0,7.0
294.0,2.5,55.0,27.0,59.0,13.0,1.0
295.0,2.0,52.0,22.0,41.0,25.0,11.0
306.0,3.0,67.0,13.0,39.0,44.0,5.0
281.0,2.1,55.0,48.0,37.0,9.0,6.0
359.0,0.0,37.0,0.0,0.0,71.0,29.0
328.0,3.8499999999999996,72.9,1.0,0.0,0.0,3.0
393.0,0.0,51.0,0.0,0.0,29.0,71.0
327.2,4.04,72.2,1.0,1.0,0.0,2.0
325.4,4.51,71.1,0.0,0.0,1.0,0.0
279.0,21.9,92.0,50.0,0.0,33.0,17.0
327.2,4.04,72.2,0.0,0.0,0.0,1.0
291.0,11.5,49.0,33.0,50.0,17.0,0.0
292.0,0.0,44.0,35.0,52.0,8.0,4.0
308.0,1.5000000000000002,50.0,9.0,41.0,36.0,14.0
301.0,1.1999999999999997,41.0,9.0,50.0,29.0,12.0
333.0,0.0,62.0,11.0,21.0,63.0,5.0
326.0,0.0,43.0,5.000000000000002,74.0,16.0,5.0
303.0,0.0,45.0,8.0,56.0,29.0,6.0
325.4,4.51,71.1,0.0,0.0,1.0,0.0
327.1,5.49,71.8,0.0,0.0,1.0,4.0
327.2,4.04,72.2,0.0,0.0,0.0,1.0
328.9,5.02,72.9,0.0,1.0,1.0,3.0
329.0,0.0,42.0,0.0,44.0,52.0,4.0
317.0,0.0,46.0,4.0,64.0,32.0,0.0
305.0,4.3,59.0,8.0,57.0,22.0,14.0
293.0,5.7,79.0,38.0,30.0,22.0,11.0
304.0,4.7,64.0,35.0,41.0,14.0,11.0
297.0,3.8,52.0,11.0,62.0,14.0,14.0
382.0,2.9,71.0,5.000000000000002,11.0,24.0,60.0
389.0,1.9,58.0,0.0,12.0,32.0,56.0
362.0,2.7,66.0,3.0,14.0,33.0,50.0
384.0,2.7,50.0,1.0,7.0,63.0,29.0
395.0,3.6,67.0,1.0,17.0,51.0,31.0
347.0,2.4,73.0,19.0,22.0,29.0,30.0
362.0,0.0,57.0,0.0,11.0,68.0,21.0
396.0,0.0,58.0,0.0,16.0,53.0,32.0
309.0,5.6,61.0,31.0,24.0,35.0,10.0
342.0,6.2,58.0,4.0,32.0,28.0,36.0
321.0,5.4,50.0,12.0,32.0,28.0,28.0
333.0,4.6,50.0,7.0,21.0,66.0,7.0
305.0,6.9,58.0,12.0,43.0,28.0,17.0
271.0,4.6,55.0,39.0,50.0,11.0,0.0
252.0,7.4,49.0,73.0,26.0,2.0,0.0
285.0,6.3,53.0,20.0,47.0,22.0,12.0
288.0,8.0,53.0,16.0,57.0,24.0,4.0
306.0,4.8,57.0,13.0,44.0,43.0,0.0
356.0,0.0,67.0,4.0,29.0,21.0,46.0
351.0,0.0,77.0,13.0,33.0,33.0,20.0
332.0,0.0,74.0,8.0,17.0,46.0,29.0
370.0,0.0,52.0,0.0,7.0,67.0,27.0
340.0,0.0,43.0,7.0,33.0,40.0,20.0
334.0,0.0,49.0,0.0,27.0,67.0,7.0
296.0,1.8,56.0,39.0,37.0,16.0,8.0
317.0,2.1,64.0,14.0,34.0,38.0,14.0
334.0,0.0,60.0,5.000000000000002,29.0,52.0,14.0
289.0,0.0,55.0,29.0,48.0,24.0,0.0
318.0,3.4,60.0,15.0,30.0,35.0,20.0
294.0,3.9,68.0,20.0,39.0,21.0,20.0
323.0,1.9,52.0,9.0,27.0,39.0,25.0
335.0,2.0,54.0,5.000000000000002,26.0,44.0,26.0
325.0,2.1,70.0,9.0,40.0,26.0,25.0
315.0,2.0,59.0,10.0,66.0,18.0,6.0
300.0,1.9,63.0,45.0,29.0,11.0,15.0
334.0,1.9,55.0,1.0,33.0,60.0,6.0
327.1,5.49,71.8,0.0,0.0,1.0,2.0
327.1,5.49,71.8,0.0,0.0,2.0,1.0
377.0,0.0,64.0,0.0,17.0,8.0,75.0
362.0,0.0,60.0,0.0,25.0,33.0,42.0
346.0,0.0,61.0,17.0,29.0,25.0,29.0
345.0,0.0,50.0,7.0,18.0,32.0,43.0
310.0,0.0,57.0,8.0,50.0,33.0,8.0
357.0,0.0,57.0,0.0,18.0,36.0,46.0
307.0,1.5000000000000002,32.0,2.0,50.0,43.0,5.0
316.0,1.9,32.0,0.0,60.0,37.0,3.0
319.0,2.0,34.0,6.0,67.0,24.0,3.0
318.0,1.6,34.0,2.0,28.0,57.0,14.0
310.0,2.1,54.0,12.0,46.0,35.0,8.0
332.0,2.4,62.0,3.0,32.0,35.0,30.0
308.0,2.3,60.0,32.0,39.0,20.0,9.0
311.0,4.0,50.0,7.0,48.0,41.0,3.0
298.0,3.6,46.0,16.0,72.0,10.0,2.0
327.0,1.9,49.0,6.0,27.0,49.0,18.0
334.0,0.0,69.0,8.0,42.0,25.0,25.0
339.0,0.0,76.0,25.0,33.0,8.0,33.0
361.0,0.0,71.0,7.0,13.0,40.0,40.0
395.0,0.0,55.0,0.0,0.0,13.0,87.0
296.0,1.8,45.0,20.0,42.0,30.0,9.0
298.0,5.8,64.0,23.0,57.0,18.0,3.0
284.0,1.3999999999999997,62.0,51.0,31.0,10.0,7.0
281.0,1.9,48.0,28.0,42.0,24.0,7.0
296.0,1.1999999999999997,55.0,15.0,52.0,26.0,6.0
311.0,5.2,57.0,10.0,46.0,39.0,5.0
339.0,2.0,43.0,2.0,19.0,36.0,43.0
351.0,2.2,49.0,2.0,12.0,45.0,41.0
376.0,0.0,63.0,5.000000000000002,23.0,18.0,55.0
374.0,0.0,74.0,5.000000000000002,14.0,41.0,41.0
356.0,0.0,68.0,6.0,31.0,49.0,14.0
327.0,2.1,61.0,14.0,19.0,35.0,32.0
366.0,0.0,59.0,1.0,24.0,36.0,40.0
370.0,0.0,65.0,2.0,14.0,59.0,26.0
345.0,0.0,75.0,16.0,25.0,33.0,26.0
357.0,1.8,53.0,5.000000000000002,15.0,33.0,47.0
352.0,4.6,78.0,15.0,33.0,15.0,36.0
320.0,0.0,83.0,20.0,47.0,27.0,7.0
365.0,8.1,58.0,0.0,12.0,31.0,58.0
338.0,0.0,57.0,3.0,33.0,53.0,10.0
363.0,7.5,53.0,0.0,19.0,42.0,39.0
338.0,4.2,71.0,9.0,33.0,27.0,30.0
327.0,2.1,69.0,8.0,41.0,31.0,20.0
305.0,1.8,50.0,10.0,40.0,35.0,16.0
363.0,2.5,62.0,2.0,19.0,60.0,18.0
303.0,2.1,68.0,41.0,30.0,17.0,13.0
320.0,2.9,71.0,19.0,55.0,18.0,7.0
318.0,2.1,60.0,15.0,36.0,29.0,21.0
325.4,3.11,71.5,1.0,2.0,1.0,0.0
325.4,3.11,71.5,1.0,2.0,1.0,0.0
297.0,0.0,30.0,0.0,57.0,43.0,0.0
320.0,0.0,42.0,14.0,29.0,57.0,0.0
307.0,0.0,85.0,50.0,13.0,25.0,13.0
351.0,0.0,90.0,13.0,25.0,25.0,38.0
295.0,19.6,57.0,20.0,40.0,30.0,10.0
330.0,28.5,83.0,20.0,20.0,30.0,30.0
339.0,0.0,90.0,29.0,43.0,0.0,29.0
300.0,0.0,72.0,14.0,43.0,29.0,14.0
326.5,4.52,72.0,1.0,2.0,2.0,0.0
327.2,4.04,72.2,0.0,3.0,1.0,1.0
306.0,6.8,59.0,13.0,53.0,27.0,7.0
367.0,10.4,80.0,14.0,14.0,7.0,64.0
341.0,5.8,34.0,0.0,20.0,80.0,0.0
366.0,9.3,71.0,7.0,7.0,50.0,36.0
314.0,12.1,72.0,13.0,60.0,20.0,7.0
272.0,4.3,37.0,60.0,33.0,7.0,0.0
304.0,6.4,54.0,15.0,40.0,35.0,10.0
305.0,7.1,59.0,35.0,32.0,24.0,9.0
307.0,7.1,60.0,20.0,33.0,28.0,20.0
337.0,5.7,48.0,0.0,32.0,53.0,15.0
339.0,0.0,67.0,6.0,13.0,44.0,38.0
321.0,0.0,61.0,6.0,25.0,31.0,38.0
297.0,0.0,50.0,13.0,53.0,33.0,0.0
271.0,0.0,30.0,67.0,33.0,0.0,0.0
356.0,0.0,62.0,9.0,9.0,46.0,36.0
328.9,5.02,72.9,0.0,0.0,0.0,4.0
328.9,5.02,72.9,0.0,0.0,0.0,4.0
350.0,0.0,63.0,18.0,9.0,36.0,36.0
270.0,3.1,50.0,41.0,34.0,21.0,5.0
265.0,2.3,57.0,53.0,41.0,4.0,2.0
328.0,3.6,58.0,0.0,39.0,55.0,7.0
286.0,2.9,46.0,19.0,71.0,10.0,0.0
277.0,2.3,58.0,29.0,45.0,27.0,0.0
286.0,3.2,52.0,23.0,50.0,21.0,7.0
321.0,3.2,49.0,10.0,35.0,35.0,21.0
325.0,0.0,68.0,26.0,21.0,37.0,16.0
301.0,6.6,57.0,21.0,54.0,25.0,0.0
326.0,4.3,65.0,7.0,28.0,48.0,17.0
315.0,0.0,66.0,13.0,42.0,24.0,21.0
308.0,6.7,59.0,11.0,50.0,36.0,4.0
444.0,18.3,66.0,0.0,0.0,17.0,83.0
369.0,12.8,46.0,0.0,17.0,17.0,67.0
327.1,5.49,71.8,0.0,0.0,1.0,2.0
328.9,5.02,72.9,0.0,0.0,0.0,3.0
331.0,0.0,67.0,14.0,24.0,32.0,30.0
360.0,10.799999999999999,70.0,19.0,9.0,34.0,39.0
356.0,4.3,49.0,0.0,48.0,38.0,14.0
328.0,9.9,70.0,12.0,36.0,27.0,25.0
292.0,4.3,48.0,10.0,62.0,24.0,5.0
345.0,0.0,83.0,11.0,30.0,8.0,51.0
271.0,2.2,45.0,31.0,48.0,18.0,3.0
266.0,4.9,64.0,30.0,45.0,24.0,0.0
267.0,2.1,50.0,62.0,31.0,2.0,5.0
257.0,3.7,49.0,51.0,44.0,4.0,1.0
292.0,2.3,47.0,23.0,44.0,22.0,10.0
282.0,2.1,50.0,18.0,56.0,20.0,6.0
272.0,23.8,79.0,33.0,50.0,17.0,0.0
357.0,13.3,44.0,0.0,17.0,83.0,0.0
326.3,4.28,71.5,0.0,1.0,2.0,1.0
325.4,3.11,71.5,1.0,1.0,0.0,1.0
327.2,4.04,72.2,0.0,2.0,0.0,1.0
327.1,5.49,71.8,0.0,0.0,2.0,2.0
401.0,0.0,41.0,0.0,0.0,9.0,91.0
378.0,0.0,46.0,0.0,12.0,38.0,50.0
434.0,0.0,49.0,0.0,0.0,12.0,88.0
380.0,0.0,35.0,0.0,5.0,27.0,68.0
315.0,4.7,60.0,18.0,36.0,26.0,20.0
296.0,4.4,66.0,22.0,61.0,13.0,5.0
307.0,4.0,60.0,6.0,53.0,34.0,6.0
290.0,6.0,77.0,31.0,39.0,22.0,8.0
302.0,3.3,55.0,16.0,45.0,30.0,10.0
268.0,4.5,75.0,65.00000000000001,24.0,5.0,6.0
284.0,0.0,56.0,25.0,50.0,25.0,0.0
315.0,0.0,68.0,0.0,50.0,38.0,13.0
432.0,0.0,62.0,0.0,7.0,13.0,80.0
398.0,0.0,52.0,0.0,7.0,33.0,60.0
351.0,20.9,58.0,0.0,38.0,25.0,38.0
391.0,0.0,45.0,0.0,0.0,85.0,15.0
333.0,14.6,40.0,0.0,25.0,38.0,38.0
351.0,0.0,58.0,0.0,54.0,39.0,8.0
322.0,23.5,72.0,25.0,8.0,42.0,25.0
243.0,15.1,46.0,82.00000000000001,18.0,0.0,0.0
259.0,17.0,51.0,46.0,46.0,9.0,0.0
286.0,18.5,57.0,42.0,17.0,33.0,8.0
334.0,0.0,56.0,3.0,28.0,31.0,38.0
347.0,0.0,62.0,10.0,33.0,33.0,24.0
351.0,0.0,59.0,0.0,29.0,38.0,33.0
347.0,0.0,49.0,6.0,16.0,44.0,34.0
303.0,7.0,57.0,15.0,42.0,27.0,15.0
322.0,8.0,64.0,12.0,35.0,27.0,27.0
310.0,6.8,57.0,16.0,54.0,30.0,0.0
338.0,6.7,56.0,3.0,27.0,60.0,11.0
311.0,5.2,54.0,25.0,45.0,15.0,15.0
326.0,5.6,58.0,5.000000000000002,35.0,45.0,15.0
262.0,2.9,55.0,64.0,25.0,9.0,1.0
296.0,3.4,59.0,21.0,66.0,9.0,4.0
286.0,2.9,56.0,20.0,55.0,20.0,6.0
281.0,3.9,42.0,25.0,53.0,18.0,5.0
320.0,2.9,50.0,4.0,47.0,43.0,6.0
281.0,4.7,52.0,34.0,36.0,24.0,6.0
317.0,0.0,50.0,8.0,42.0,42.0,8.0
337.0,0.0,60.0,17.0,33.0,25.0,25.0
348.0,0.0,61.0,5.000000000000002,14.0,43.0,38.0
331.0,0.0,35.0,0.0,38.0,48.0,14.0
268.0,15.0,63.0,38.0,35.0,28.0,0.0
235.0,12.0,50.0,62.0,38.0,0.0,0.0
318.0,2.6,68.0,30.0,30.0,24.0,17.0
374.0,3.1,60.0,2.0,16.0,25.0,58.0
382.0,3.1,60.0,0.0,8.0,28.0,64.0
327.0,2.3,60.0,11.0,31.0,42.0,16.0
411.0,10.999999999999998,64.0,0.0,13.0,20.0,67.0
374.0,10.999999999999998,71.0,6.0,24.0,12.0,59.0
404.0,10.0,57.0,0.0,7.0,20.0,73.0
376.0,12.3,80.0,0.0,18.0,18.0,65.0
277.0,3.5,65.0,38.0,48.0,12.0,2.0
284.0,0.0,78.0,23.0,50.0,15.0,12.0
252.0,0.0,56.0,69.0,19.0,12.0,0.0
350.0,5.9,59.0,7.0,23.0,30.0,40.0
315.0,5.9,67.0,12.0,38.0,43.0,7.0
356.0,7.200000000000001,74.0,7.0,20.0,33.0,40.0
309.0,9.7,83.0,33.0,37.0,22.0,7.0
338.0,0.0,59.0,5.000000000000002,24.0,43.0,29.0
320.0,0.0,62.0,28.0,28.0,32.0,12.0
344.0,0.0,65.0,4.0,28.0,48.0,20.0
303.0,0.0,49.0,10.0,43.0,38.0,10.0
337.0,7.700000000000001,66.0,7.0,30.0,48.0,15.0
395.0,0.0,23.0,0.0,0.0,35.0,65.0
401.0,0.0,61.0,7.0,0.0,7.0,85.99999999999999
382.0,0.0,63.0,9.0,9.0,13.0,70.0
394.0,0.0,43.0,0.0,0.0,24.0,76.0
308.0,3.0,54.0,17.0,37.0,30.0,17.0
300.0,4.9,84.0,55.0,17.0,10.0,17.0
312.0,3.0,63.0,9.0,53.0,31.0,7.0
286.0,3.1,66.0,33.0,50.0,12.0,5.0
297.0,4.0,65.0,21.0,41.0,22.0,17.0
305.0,4.7,61.0,10.0,57.0,19.0,14.0
328.0,15.4,69.0,18.0,27.0,27.0,27.0
373.0,12.6,57.0,0.0,18.0,36.0,46.0
252.0,0.0,37.0,43.0,57.0,0.0,0.0
261.0,0.0,60.0,43.0,43.0,14.0,0.0
340.0,1.9,63.0,8.0,23.0,35.0,34.0
370.0,2.1,56.0,1.0,13.0,66.0,21.0
345.0,1.1999999999999997,68.0,8.0,27.0,35.0,31.0
323.0,1.7,54.0,9.0,29.0,32.0,30.0
331.0,1.3999999999999997,75.0,27.0,26.0,26.0,21.0
352.0,2.6,68.0,5.000000000000002,45.0,37.0,13.0
341.0,7.6,86.0,11.0,46.0,27.0,16.0
342.0,8.9,67.0,17.0,32.0,21.0,30.0
365.0,8.8,66.0,6.0,19.0,36.0,38.0
339.0,11.6,69.0,12.0,16.0,28.0,44.0
378.0,11.9,71.0,4.0,16.0,20.0,60.0
355.0,4.9,56.0,5.000000000000002,11.0,73.0,11.0
462.0,4.1,56.0,0.0,1.0,4.0,94.0
390.0,0.0,47.0,0.0,2.0,48.0,50.0
416.0,3.9,47.0,0.0,1.0,4.0,94.0
417.0,0.0,52.0,0.0,2.0,23.0,75.0
323.0,5.6,65.0,18.0,14.0,59.0,9.0
317.0,9.5,41.0,0.0,63.0,38.0,0.0
264.0,12.2,53.0,38.0,63.0,0.0,0.0
332.0,3.8,43.0,14.0,27.0,50.0,9.0
364.0,9.0,48.0,0.0,10.0,48.0,43.0
313.0,9.1,48.0,19.0,14.0,43.0,24.0
357.0,0.0,65.0,0.0,27.0,60.0,13.0
382.0,0.0,55.0,0.0,0.0,27.0,73.0
390.0,0.0,42.0,0.0,0.0,27.0,73.0
315.0,0.0,48.0,29.0,43.0,14.0,14.0
353.0,0.0,54.0,0.0,14.0,57.0,29.0
344.0,0.0,68.0,13.0,40.0,33.0,13.0
327.1,5.49,71.8,0.0,0.0,1.0,2.0
328.9,5.02,72.9,0.0,0.0,0.0,5.0
327.1,5.49,71.8,0.0,0.0,2.0,1.0
327.1,5.49,71.8,1.0,0.0,1.0,3.0
308.0,1.7,49.0,14.0,43.0,30.0,14.0
301.0,2.0,47.0,11.0,52.0,33.0,4.0
288.0,1.9,56.0,52.0,27.0,13.0,7.0
294.0,2.0,54.0,18.0,39.0,29.0,14.0
325.2,2.98,71.8,3.0,0.0,1.0,0.0
325.4,3.11,71.5,1.0,1.0,1.0,1.0
386.0,0.0,83.0,8.0,8.0,17.0,67.0
415.0,0.0,86.0,0.0,8.0,25.0,67.0
327.2,4.04,72.2,0.0,1.0,0.0,1.0
325.4,3.11,71.5,1.0,1.0,0.0,0.0
325.2,2.98,71.8,2.0,0.0,0.0,0.0
327.1,5.49,71.8,0.0,0.0,1.0,1.0
327.1,5.49,71.8,0.0,0.0,2.0,1.0
327.1,5.49,71.8,0.0,0.0,3.0,0.0
327.2,4.04,72.2,0.0,1.0,0.0,1.0
327.2,4.04,72.2,0.0,1.0,0.0,1.0
385.0,0.0,56.0,0.0,0.0,33.0,67.0
350.0,0.0,62.0,0.0,17.0,50.0,33.0
325.4,3.11,71.5,0.0,2.0,1.0,0.0
326.3,4.28,71.5,0.0,1.0,1.0,1.0
347.0,0.0,46.0,0.0,17.0,50.0,33.0
348.0,0.0,31.0,0.0,17.0,33.0,50.0
327.5,2.79,71.3,0.0,4.0,0.0,0.0
308.0,0.0,67.0,12.0,41.0,35.0,12.0
345.0,4.4,44.0,0.0,21.0,42.0,36.0
327.2,4.04,72.2,0.0,3.0,1.0,0.0
308.0,5.0,51.0,12.0,36.0,30.0,21.0
299.0,0.0,44.0,41.0,29.0,29.0,0.0
270.0,10.4,51.0,37.0,42.0,21.0,0.0
227.0,8.7,39.0,71.0,29.0,0.0,0.0
240.0,11.099999999999998,50.0,57.0,33.0,10.0,0.0
305.0,0.0,64.0,29.0,29.0,14.0,29.0
239.0,13.6,66.0,68.0,21.0,11.0,0.0
313.0,0.0,58.0,29.0,14.0,29.0,29.0
281.0,18.9,82.0,38.0,25.0,13.0,25.0
291.0,11.7,69.0,27.0,46.0,18.0,9.0
309.0,13.6,59.0,25.0,38.0,13.0,25.0
283.0,9.1,54.0,46.0,36.0,9.0,9.0
359.0,3.3,58.0,0.0,21.0,62.0,18.0
324.0,3.0,66.0,7.0,46.0,27.0,20.0
364.0,3.7,66.0,9.0,32.0,35.0,24.0
327.0,2.7,56.0,8.0,29.0,43.0,21.0
319.0,3.7,69.0,33.0,27.0,20.0,20.0
322.0,2.7,55.0,7.0,35.0,38.0,21.0
327.2,4.04,72.2,0.0,0.0,0.0,1.0
325.4,4.51,71.1,0.0,0.0,1.0,0.0
